-- phpMyAdmin SQL Dump
-- version 4.8.1
-- https://www.phpmyadmin.net/
--
-- Хост: 127.0.0.1
-- Время создания: Июн 17 2018 г., 22:47
-- Версия сервера: 10.1.33-MariaDB
-- Версия PHP: 7.2.6

SET SQL_MODE = "NO_AUTO_VALUE_ON_ZERO";
SET AUTOCOMMIT = 0;
START TRANSACTION;
SET time_zone = "+00:00";


/*!40101 SET @OLD_CHARACTER_SET_CLIENT=@@CHARACTER_SET_CLIENT */;
/*!40101 SET @OLD_CHARACTER_SET_RESULTS=@@CHARACTER_SET_RESULTS */;
/*!40101 SET @OLD_COLLATION_CONNECTION=@@COLLATION_CONNECTION */;
/*!40101 SET NAMES utf8mb4 */;

--
-- База данных: `reborn`
--

-- --------------------------------------------------------

--
-- Структура таблицы `artists`
--

CREATE TABLE `artists` (
  `id` int(10) UNSIGNED NOT NULL,
  `name` varchar(50) COLLATE utf8mb4_unicode_ci NOT NULL,
  `created_at` timestamp NULL DEFAULT NULL,
  `updated_at` timestamp NULL DEFAULT NULL
) ENGINE=InnoDB DEFAULT CHARSET=utf8mb4 COLLATE=utf8mb4_unicode_ci;

--
-- Дамп данных таблицы `artists`
--

INSERT INTO `artists` (`id`, `name`, `created_at`, `updated_at`) VALUES
(1, 'Юрий Солнцев', '2018-06-16 15:59:00', '2018-06-16 15:59:00'),
(2, 'Кристина Чернявская', '2018-06-16 15:59:00', '2018-06-16 15:59:00'),
(3, 'Мария Ворончихина', '2018-06-16 15:59:01', '2018-06-16 15:59:01'),
(4, 'Ольга Ломовцева', '2018-06-16 15:59:01', '2018-06-16 15:59:01'),
(5, 'Chu Chuguy', '2018-06-16 15:59:01', '2018-06-16 15:59:01'),
(6, 'Рафаэль Рагимов', '2018-06-16 15:59:01', '2018-06-16 15:59:01'),
(7, 'Grigorij Volot', '2018-06-16 15:59:01', '2018-06-16 15:59:01'),
(8, 'Moto_log', '2018-06-16 15:59:01', '2018-06-16 15:59:01'),
(9, 'Белла Бергольц', '2018-06-16 15:59:01', '2018-06-16 15:59:01'),
(10, 'Кристина Балагула', '2018-06-16 15:59:01', '2018-06-16 15:59:01'),
(11, 'Марина Гуреева', '2018-06-16 15:59:01', '2018-06-16 15:59:01'),
(12, 'Анна Терещук', '2018-06-16 15:59:01', '2018-06-16 15:59:01'),
(13, 'Atago Zao', '2018-06-16 15:59:01', '2018-06-16 15:59:01'),
(14, 'Birakh', '2018-06-16 15:59:01', '2018-06-16 15:59:01'),
(15, 'Shin', '2018-06-16 15:59:01', '2018-06-16 15:59:01'),
(16, 'Александр Вагнер (Видящий)', '2018-06-16 15:59:01', '2018-06-16 15:59:01'),
(17, 'Дарина Видяскина', '2018-06-16 15:59:01', '2018-06-16 15:59:01'),
(18, 'SoulSnow', '2018-06-16 15:59:01', '2018-06-16 15:59:01'),
(19, 'kelf_tltv', '2018-06-16 15:59:02', '2018-06-16 15:59:02'),
(20, 'A.M.Ink', '2018-06-16 15:59:02', '2018-06-16 15:59:02'),
(21, 'Тётя Zwitter', '2018-06-16 15:59:02', '2018-06-16 15:59:02'),
(22, 'Александра Бондаренко', '2018-06-16 15:59:02', '2018-06-16 15:59:02'),
(23, 'Ангелина Виспер', '2018-06-16 15:59:02', '2018-06-16 15:59:02'),
(24, 'IdPictures', '2018-06-16 15:59:02', '2018-06-16 15:59:02'),
(25, 'Валерия Илларионова', '2018-06-16 15:59:02', '2018-06-16 15:59:02'),
(26, 'Алина Серая', '2018-06-16 15:59:02', '2018-06-16 15:59:02'),
(27, 'Андрей Смирнов', '2018-06-16 15:59:02', '2018-06-16 15:59:02'),
(28, 'Tirra Missu', '2018-06-16 15:59:02', '2018-06-16 15:59:02'),
(29, 'Yomomori', '2018-06-16 15:59:02', '2018-06-16 15:59:02'),
(30, 'Даша Пчель', '2018-06-16 15:59:02', '2018-06-16 15:59:02'),
(31, 'Ирина Бардичева', '2018-06-16 15:59:03', '2018-06-16 15:59:03'),
(32, 'Мария Мурзина', '2018-06-16 15:59:03', '2018-06-16 15:59:03'),
(33, 'Артемий Хитклифф', '2018-06-16 15:59:03', '2018-06-16 15:59:03'),
(34, 'Вероника Вишневская', '2018-06-16 15:59:03', '2018-06-16 15:59:03'),
(35, 'Ирина Березовская', '2018-06-16 15:59:03', '2018-06-16 15:59:03'),
(36, 'Oma', '2018-06-16 15:59:03', '2018-06-16 15:59:03'),
(37, 'Алексей Круглов', '2018-06-16 15:59:03', '2018-06-16 15:59:03'),
(38, 'Анастасия Стародубцева', '2018-06-16 15:59:03', '2018-06-16 15:59:03'),
(39, 'LoranDeSore', '2018-06-16 15:59:03', '2018-06-16 15:59:03');

-- --------------------------------------------------------

--
-- Структура таблицы `artist_card`
--

CREATE TABLE `artist_card` (
  `id` int(10) UNSIGNED NOT NULL,
  `card_id` int(10) UNSIGNED NOT NULL,
  `artist_id` int(10) UNSIGNED NOT NULL
) ENGINE=InnoDB DEFAULT CHARSET=utf8mb4 COLLATE=utf8mb4_unicode_ci;

--
-- Дамп данных таблицы `artist_card`
--

INSERT INTO `artist_card` (`id`, `card_id`, `artist_id`) VALUES
(1, 1, 1),
(2, 2, 2),
(3, 3, 3),
(4, 4, 3),
(5, 5, 4),
(6, 6, 5),
(7, 7, 2),
(8, 8, 6),
(9, 9, 5),
(10, 10, 7),
(11, 11, 8),
(12, 12, 9),
(13, 181, 8),
(14, 13, 2),
(15, 14, 10),
(16, 15, 11),
(17, 16, 8),
(18, 17, 8),
(19, 18, 9),
(20, 19, 3),
(21, 20, 8),
(22, 21, 3),
(23, 22, 12),
(24, 23, 12),
(25, 24, 13),
(26, 25, 7),
(27, 26, 14),
(28, 182, 7),
(29, 183, 9),
(30, 184, 4),
(31, 185, 2),
(32, 186, 15),
(33, 187, 2),
(34, 188, 4),
(35, 189, 2),
(36, 190, 3),
(37, 191, 9),
(38, 192, 8),
(39, 193, 8),
(40, 194, 5),
(41, 195, 2),
(42, 196, 3),
(43, 197, 3),
(44, 198, 16),
(45, 199, 16),
(46, 200, 17),
(47, 201, 18),
(48, 202, 3),
(49, 203, 1),
(50, 204, 5),
(51, 205, 11),
(52, 206, 8),
(53, 207, 19),
(54, 208, 19),
(55, 209, 3),
(56, 210, 15),
(57, 211, 14),
(58, 212, 20),
(59, 213, 8),
(60, 214, 8),
(61, 215, 12),
(62, 216, 5),
(63, 217, 21),
(64, 218, 12),
(65, 219, 5),
(66, 220, 2),
(67, 221, 22),
(68, 222, 2),
(69, 223, 7),
(70, 224, 11),
(71, 225, 9),
(72, 226, 21),
(73, 227, 8),
(74, 228, 5),
(75, 229, 9),
(76, 230, 8),
(77, 231, 8),
(78, 232, 8),
(79, 233, 8),
(80, 234, 3),
(81, 235, 15),
(82, 236, 8),
(83, 237, 8),
(84, 238, 8),
(85, 239, 23),
(86, 240, 9),
(87, 241, 23),
(88, 242, 16),
(89, 243, 8),
(90, 244, 9),
(91, 245, 23),
(92, 246, 24),
(93, 247, 19),
(94, 248, 23),
(95, 249, 25),
(96, 250, 26),
(97, 251, 2),
(98, 252, 24),
(99, 253, 12),
(100, 254, 8),
(101, 255, 17),
(102, 256, 24),
(103, 257, 8),
(104, 258, 16),
(105, 259, 27),
(106, 260, 3),
(107, 261, 28),
(108, 262, 5),
(109, 263, 15),
(110, 264, 5),
(111, 265, 15),
(112, 266, 11),
(113, 267, 20),
(114, 268, 8),
(115, 269, 3),
(116, 270, 29),
(117, 271, 30),
(118, 272, 8),
(119, 273, 8),
(120, 274, 8),
(121, 275, 8),
(122, 276, 9),
(123, 277, 24),
(124, 278, 20);

-- --------------------------------------------------------

--
-- Структура таблицы `cards`
--

CREATE TABLE `cards` (
  `id` int(10) UNSIGNED NOT NULL,
  `rarity_id` int(10) UNSIGNED NOT NULL,
  `edition_id` int(10) UNSIGNED NOT NULL,
  `name` varchar(50) NOT NULL,
  `cost` int(10) UNSIGNED NOT NULL,
  `number` int(10) UNSIGNED NOT NULL,
  `lives` int(10) UNSIGNED NOT NULL,
  `flying` tinyint(1) NOT NULL,
  `movement` int(10) UNSIGNED DEFAULT NULL,
  `power_weak` int(10) UNSIGNED DEFAULT NULL,
  `power_medium` int(10) UNSIGNED DEFAULT NULL,
  `power_strong` int(10) UNSIGNED DEFAULT NULL,
  `image` varchar(50) DEFAULT NULL,
  `text` text,
  `flavor` text,
  `erratas` text,
  `comments` text,
  `created_at` timestamp NULL DEFAULT NULL,
  `updated_at` timestamp NULL DEFAULT NULL
) ENGINE=InnoDB DEFAULT CHARSET=utf8;

--
-- Дамп данных таблицы `cards`
--

INSERT INTO `cards` (`id`, `rarity_id`, `edition_id`, `name`, `cost`, `number`, `lives`, `flying`, `movement`, `power_weak`, `power_medium`, `power_strong`, `image`, `text`, `flavor`, `erratas`, `comments`, `created_at`, `updated_at`) VALUES
(1, 4, 1, 'Титан Воды', 6, 1, 10, 0, 1, 1, 1, 2, '01-001.jpg', '<p>-1 от дальних атак.<br><img src=\'/icons/tap-16x16.png\'>: бросить кубик и призвать верхнее существо из колоды, при этом, если стоимость этого существа больше результата броска кубика, в конце хода оно возвращается в колоду.</p>', '', '', '', '2018-06-16 15:59:05', '2018-06-16 15:59:05'),
(2, 4, 1, 'Янсима, Хозяин Воды', 7, 2, 13, 0, 1, 1, 1, 2, '01-002.jpg', '<p>Защита от магии.<br><img src=\'/icons/tap-16x16.png\'>: вернуть в колоду ваше стоящее рядом существо стоимостью 3 или менее, при этомпризвать два или менее наземных существа той же стоимости.</p>', '<p>«В моих руках вода теряет свои свойства».</p>.', '', '', '2018-06-16 15:59:06', '2018-06-16 15:59:06'),
(3, 4, 1, 'Возрожденный Дракон', 9, 3, 20, 0, 1, 3, 4, 5, '01-003.jpg', '<p>При ударе вашего летающего существа может получить <img src=\'/icons/counter-16x16.png\'>.<br>10<img src=\'/icons/counter-16x16.png\'>: получить полет и «<img src=\'/icons/counter-16x16.png\'>: воздействие Гнеы Водуха – ранить выбранное существо на 1 (5 раз за ход)»</p>', '<p>«Я избавлю этот мир от тьмы».</p>', '', '', '2018-06-16 15:59:07', '2018-06-16 15:59:07'),
(4, 4, 1, 'Малахитовый Дракон', 7, 4, 14, 1, NULL, 3, 3, 3, '01-004.jpg', '<p>+2 к удару по летающим.<br>При ударе может переместить атакованного на выбранную клетку.</p>', '<p>«Чтобы легче дышалось, нужно воспарить над облаками».</p>', '', '', '2018-06-16 15:59:07', '2018-06-16 15:59:07'),
(5, 4, 1, 'Покровитель Лесов', 4, 5, 10, 0, 3, 0, 1, 1, '01-005.jpg', '<p>Самолечение 2.<br>При передвижении получает +1 к своей следующей атаке</p>', '<p>«Когда страдает природа, я чувствую её боль».</p>', '', '', '2018-06-16 15:59:08', '2018-06-16 15:59:08'),
(6, 4, 1, 'Янамел, Кровавая Рука', 6, 6, 14, 0, 2, 3, 4, 5, '01-006.jpg', '<p>В начале боя может выбрать нейтральное существо противника и бросить кубик, при этом это существо погибает в начале своего Х хода, где Х – значение, выпавшее на кубике.</p>', '<p></p>', '', '', '2018-06-16 15:59:08', '2018-06-16 15:59:08'),
(7, 4, 1, 'Рина, Заклинательница Огня', 5, 7, 8, 0, 1, 1, 2, 3, '01-007.jpg', '<p>-1 от дальних атак.<br><img src=\'/icons/tap-16x16.png\'>: разряд на 3.<br>Знание Огня 2: при разряде ваше выбранное существо получает +1 к дальним атакам до конца вашего хода.</p>', '<p>«Огонь дарит безграничные возможности».</p>', '', '', '2018-06-16 15:59:09', '2018-06-16 15:59:09'),
(8, 4, 1, 'Титан Огня', 9, 8, 15, 0, 1, 4, 4, 6, '01-008.jpg', '<p>Доспех 2. Защита от выстрелов.<br>При атаке по Титану Огня может объявить разряд на 1, дальность 3.</p>', '<p>«Я – воплощение силы и превосходства. Твои боги тебе не помогут, ведь я – их покровитель».</p>', '', '', '2018-06-16 15:59:10', '2018-06-16 15:59:10'),
(9, 4, 1, 'Азатиэль', 7, 9, 15, 0, NULL, 3, 4, 4, '01-009.jpg', '<p>Яростный удар.<br>При ударе по темному существу – оно получает -1 к обычному удару до конца своего хода.</p>', '<p>«Небеса услышат тех, кто хранит в своем сердце любовь».</p>', '', '', '2018-06-16 15:59:10', '2018-06-16 15:59:10'),
(10, 4, 1, 'Ддинади', 4, 10, 8, 0, 1, 1, 1, 1, '01-010.jpg', '<p>Защита от магии.<br><img src=\'/icons/insttap-16x16.png\'>: закрыть выбранное существо, при этом излечить существо противника, стоящее рядом с целью, на 2 (по вашему выбору).</p>', '<p>«Этот мир устал без любви».</p>', '', '', '2018-06-16 15:59:10', '2018-06-16 15:59:10'),
(11, 4, 1, 'Хранительница Гваингварда', 8, 11, 20, 0, 2, 4, 5, 6, '01-011.jpg', '<p>При ударе – излечить каждое ваше стоящее рядом существо на 2.<br>Не может быть взята в отряд с тьмой.</p>', '<p>«Мы будем охранять свой дом до последнего вздоха».</p>', '', '', '2018-06-16 15:59:11', '2018-06-16 15:59:11'),
(12, 4, 1, 'Бертар', 6, 12, 13, 0, 1, 3, 4, 5, '01-012.jpg', '<p>Вампиризм. Мастерство атаки 1.<br>В начале вашего хода выбрать ваше существо с вампиризмом, при этом оно теряет вампиризм и получает +2 к обычному удару.</p>', '<p>«Ты задохнешься в кровавом тумане».</p>', '', '', '2018-06-16 15:59:11', '2018-06-16 15:59:11'),
(13, 4, 1, 'Феорген, Владычица Тишины', 4, 13, 8, 0, 1, 2, 3, 4, '01-013.jpg', '<p><img src=\'/icons/tap-16x16.png\'>: призвать Хранителя Тишины. При гибели все Хранители Тишины замешиваются в колоду.</p>', '<p>«Тссс...»</p>', '', '', '2018-06-16 15:59:13', '2018-06-16 15:59:13'),
(14, 3, 1, 'Мальнар, Владыка Глубин', 5, 14, 8, 0, 1, 2, 2, 3, '01-014.jpg', '<p><img src=\'/icons/tap-16x16.png\'>: вернуть ваше стоящее рядом существо стоимостью Х (максимум 3) в колоду, при этом призвать существо стоимостью Х+1.</p>', '<p>«Бездна смотрит в тебя».</p>', '', '', '2018-06-16 15:59:13', '2018-06-16 15:59:13'),
(15, 3, 1, 'Ниерин', 5, 15, 9, 0, 1, 2, 2, 3, '01-015.jpg', '<p>Доспех 1.<br><img src=\'/icons/tap-16x16.png\'>: разряд на 2, дальность 2.<br>При призыве вашего существа получеат +2 к своему следующему обычному удару.</p>', '<p></p>', '', '', '2018-06-16 15:59:14', '2018-06-16 15:59:14'),
(16, 3, 1, 'Принцесса Тренала', 4, 16, 8, 0, 1, 2, 2, 3, '01-016.jpg', '<p>В начале вашего хода может вернуться в колоду, при этом призвать на свою клетку неуникальное существо стоимостью 5.</p>', '<p>«Женские прелести – не единственное ее достоинство».</p>', '', '', '2018-06-16 15:59:14', '2018-06-16 15:59:14'),
(17, 3, 1, 'Усиана', 4, 17, 10, 0, 1, 1, 2, 2, '01-017.jpg', '<p>В начале боя может выбрать существо противника, при этом обычный удар этого существа становится равен 1.</p>', '<p>«Перед моей красотой склоняется даже сильнейший».</p>', '', '', '2018-06-16 15:59:15', '2018-06-16 15:59:15'),
(18, 3, 1, 'Утонченная Волшебница', 5, 18, 8, 0, 1, 1, 1, 1, '01-018.jpg', '<p><img src=\'/icons/tap-16x16.png\'>: два разряда на 2, дальность 2, только по разным картам.</p>', '<p>«Очерненную грехом душу можно исцелить только смертью».</p>', '', '', '2018-06-16 15:59:15', '2018-06-16 15:59:15'),
(19, 3, 1, 'Белый Дракон', 8, 19, 8, 1, NULL, 2, 2, 2, '01-019.jpg', '<p>От атаки Белого Дракона нельзя назнацить защитника. Когда существо противника закрывается – Белый Дракон может открыться (3 раза за ход).</p>', '<p>«Его белоснежные крылья легко рассекают воздушную гладь».</p>', '', '', '2018-06-16 15:59:16', '2018-06-16 15:59:16'),
(20, 3, 1, 'Гвардеец Воздуха', 5, 20, 11, 0, 1, 2, 3, 4, '01-020.jpg', '<p>Самолечение 2.<br>Может нападать обычным ударом с дальностью 2, только черз пустую клетку по горизонтали, вертикали или диагонали. При ударе может переместить атакованного на 1 клетку в любом направлении.</p>', '<p></p>', '', '', '2018-06-16 15:59:16', '2018-06-16 15:59:16'),
(21, 3, 1, 'Долина Драконов', 3, 21, 7, 0, NULL, NULL, NULL, NULL, '01-021.jpg', '<p>При гибели вашего летающего существа может получить <img src=\"../../icons/counter-16x16.png\" />.<br />Х<img src=\"../../icons/counter-16x16.png\" /><img src=\"../../icons/tap-16x16.png\" />: призвать летающее существо стоимостью Х.</p>', '<p>Издавна ходят легенды об этом сказочном месте.</p>', NULL, NULL, '2018-06-16 15:59:17', '2018-06-16 17:54:10'),
(22, 3, 1, 'Защитник Пернатых', 4, 22, 8, 1, NULL, 1, 1, 2, '01-022.jpg', '<p>Самолечение 1.<br>Существа противника не могут нападать на других ваших летающих существ. При гибели может объявить два или менее выстрела на 1.</p>', '<p></p>', '', '', '2018-06-16 15:59:17', '2018-06-16 15:59:17'),
(23, 3, 1, 'Костяной Дракон', 6, 23, 14, 0, 3, 4, 5, 5, '01-023.jpg', '<p>Доспех 2.<br>Не может быть взят в отряд с картами стоимостью 7 или более.</p>', '<p>«В горных высотах Вириона треск костей – предвестник твоей гибели».</p>', '', '', '2018-06-16 15:59:18', '2018-06-16 15:59:18'),
(24, 3, 1, 'Титан Воздуха', 9, 24, 16, 0, 2, 5, 6, 8, '01-024.jpg', '<p>Защита от летающих.<br>Защита от яда. Доспех 3.<br>При ответном ударе по Титану Воздуха на Х – может ранить атакованного на Х.</p>', '<p>«Стены темницы тесны для того, кто привык дышать полной грудью».</p>', '', '', '2018-06-16 15:59:18', '2018-06-16 15:59:18'),
(25, 3, 1, 'Михаил Нуд', 5, 25, 12, 0, 1, 3, 4, 4, '01-025.jpg', '<p>Доспех 2.<br>В начале боя может выбрать существо противника, при этом когда это существо действует – Михаил Нуд может ранить рядом стоящее существо на 2.</p>', '<p>«Наказание неотвратимо».</p>', '', '', '2018-06-16 15:59:19', '2018-06-16 15:59:19'),
(26, 3, 1, 'Тархан, Тигролюд', 9, 26, 17, 0, 1, 4, 5, 6, '01-026.jpg', '<p>Самолечение 2.<br>Каждое ваше существо с 12 и более текущими жизнями получает: «Может нападать обычным ударом два раза за ход. Не закрывается после первой атаки».</p>', '<p>«В моих жилах кипит звериная кровь».</p>', '', '', '2018-06-16 15:59:19', '2018-06-16 15:59:19'),
(181, 4, 1, 'Бертар', 6, 12, 13, 0, 1, 3, 4, 5, '01-012-promo.jpg', '<p>Вампиризм. Мастерство атаки 1.<br>В начале вашего хода выбрать ваше существо с вампиризмом, при этом оно теряет вампиризм и получает +2 к обычному удару.</p>', '<p>«Ты задохнешься в кровавом тумане».</p>', '', '', '2018-06-16 15:59:12', '2018-06-16 15:59:12'),
(182, 3, 1, 'Хранитель Жабьей Мудрости', 4, 27, 10, 0, 1, 1, 3, 3, '01-027.jpg', '<p>Самолечение 2.<br /><img src=\"../icons/tap-16x16.png\" />: выстрел на 2, дальность 3.</p>', '<p>&laquo;Не узнаешь меня? Скушай гриб. Полегчало? Присаживайся, расскажу тебе о жабьих делах.&raquo;</p>', NULL, NULL, '2018-06-16 16:31:08', '2018-06-16 16:31:08'),
(183, 3, 1, 'Молниеносная', 5, 28, 10, 0, 1, 1, 2, 2, '01-028.jpg', '<p><img src=\"../icons/tap-16x16.png\" />: разряд на 1, при этом атакованный получает восприимчивость.</p>', '<p>&laquo;В твоей силе &ndash; твоя слабость&raquo;.</p>', NULL, NULL, '2018-06-16 16:36:06', '2018-06-16 16:36:06'),
(184, 3, 1, 'Ночной Кошмар', 8, 29, 16, 0, 2, 5, 6, 7, '01-029.jpg', '<p>Защита от яда.<br />Знание огня 5: <img src=\"../icons/tap-16x16.png\" />: уничтожить себя, при этом волшебство &laquo;Волна Огня&raquo;: ранить трех или менее рядом стоящих сущеста на 5.</p>', NULL, NULL, NULL, '2018-06-16 16:38:55', '2018-06-16 17:10:57'),
(185, 3, 1, 'Шаман Племени Огня', 4, 30, 8, 0, 1, 1, 1, 1, '01-030.jpg', '<p><img src=\"../icons/tap-16x16.png\" />: разряд на 1-2-2.<br />Знание Огня 3: при разряде атакованный не открывается в свой следующий ход.</p>', '<p>Танец в&nbsp; огне призывает древних богов.</p>', NULL, NULL, '2018-06-16 16:44:20', '2018-06-16 16:48:34'),
(186, 3, 1, 'Ангел Справедливости', 4, 31, 10, 1, NULL, 1, 2, 2, '01-031.jpg', '<p>В начале боя выбрать существо, при этом оно получает &laquo;+2 к обычному удару по тьме&raquo;, пока Ангел Справедливости в вашем отряде.<br />Не может быть взят в отряд в тьмой.</p>', '<p>&laquo;Тьма есть отсутствие света&raquo;.</p>', NULL, NULL, '2018-06-16 16:48:16', '2018-06-16 16:48:16'),
(187, 3, 1, 'Всевидящая', 7, 32, 12, 0, 1, 3, 4, 4, '01-032.jpg', '<p>Защита от разрядов.<br />При ударе &ndash; выбранное летающее существо противника не может действовать до конца своего хода.</p>', '<p>&laquo;Не улетай, ведь нам так хорошо вместе&raquo;.</p>', NULL, NULL, '2018-06-16 16:52:09', '2018-06-16 16:52:09'),
(188, 3, 1, 'Звёздный Единорог', 6, 33, 13, 0, 2, 3, 4, 4, '01-033.jpg', '<p>От атаки Звёздного Единорога нельзя назначить защитника.<br />-1 от немагических атак.</p>', '<p>Своей поступью он прокладывает путь галактикам.</p>', NULL, NULL, '2018-06-16 16:56:58', '2018-06-16 16:56:58'),
(189, 3, 1, 'Снайпер Приграничья', 4, 34, 8, 0, 1, 1, 2, 2, '01-034.jpg', '<p><img src=\"../icons/tap-16x16.png\" />: выстрел на 2.</p>', '<p>&laquo;Свет не ослепит меня, а лишь озарит силуэт противника&raquo;.</p>', NULL, NULL, '2018-06-16 16:59:21', '2018-06-16 16:59:21'),
(190, 3, 1, 'Ванесса Кирзанская', 5, 35, 10, 1, NULL, 2, 3, 4, '01-035.jpg', '<p>Вампиризм.</p>', '<p>Обладая острым зрением, она охотится на путников, сбившихся с пути. В отличие от других вампиров, Ванесса не проч полакомиться человеческой плотью.</p>', NULL, NULL, '2018-06-16 17:03:09', '2018-06-16 17:03:09'),
(191, 3, 1, 'Зедор, Пожиратель Сердец', 5, 36, 10, 0, 2, 2, 3, 4, '01-036.jpg', '<p>Защита от магии. Вампиризм. Пока ваше существо стоит рядом с Зедором, Пожирателем сердец, оно получает вампиризм.</p>', '<p>&laquo;Зачем отдавать сердце любимому, если можно отдать его мне?&raquo;</p>', NULL, NULL, '2018-06-16 17:05:34', '2018-06-16 17:05:34'),
(192, 3, 1, 'Люций Кирзанский', 4, 37, 10, 0, 1, 1, 1, 2, '01-037.jpg', '<p><img src=\"../icons/tap-16x16.png\" />: яростный удар на 2-3-4, только через свободную клетку по горизонтали, вертикали или диагонали, при этом может излечить себя на Х, где Х &ndash; величина этого удара.</p>', '<p>&laquo;Кара настигнет ослушавшихся&raquo;.</p>', NULL, NULL, '2018-06-16 17:09:48', '2018-06-16 17:09:48'),
(193, 3, 1, 'Сакон, Полководец Тьмы', 10, 38, 20, 0, 1, 5, 6, 7, '01-038.jpg', '<p>Может нападать обычным ударом с дальностью 2, пока рядом стоит ваша темная карта.</p>', '<p>Трехметровый демон? Пожалуй, я пойду, вы же сами справитесь?</p>', NULL, NULL, '2018-06-16 17:15:43', '2018-06-16 17:15:43'),
(194, 2, 1, 'Алькан', 6, 39, 11, 0, 1, 1, 2, 2, '01-039.jpg', '<p>Мастерство защиты 1.<br />В конце хода противника может объявить разряд на 2.</p>', '<p>&laquo;Знак воды преградит тебе путь&raquo;.</p>', NULL, NULL, '2018-06-17 04:49:57', '2018-06-17 04:49:57'),
(195, 2, 1, 'Аньевэ', 4, 40, 8, 0, 1, 1, 2, 2, '01-040.jpg', '<p><img src=\"../icons/tap-16x16.png\" />: разряд на 2, дальность 3.<br />При среднем или сильном разряде атакованный получает яд.</p>', '<p>Ее дурманящий голос увлек на морское дно тысячи одиноких сердец.</p>', NULL, NULL, '2018-06-17 04:54:26', '2018-06-17 04:54:26'),
(196, 2, 1, 'Безумный Маг Треналанов', 5, 41, 8, 0, 1, 1, 2, 2, '01-041.jpg', '<p><img src=\"../icons/tap-16x16.png\" />: разряд на 2, дальность 3.<br /><img src=\"../icons/tap-16x16.png\" />: вернуть в колоду ваше стоящее рядом существо стоимостью 3 или менее, при этом разряд на 4.</p>', '<p>&laquo;Победа стоит любых жертв&raquo;.</p>', NULL, NULL, '2018-06-17 04:58:16', '2018-06-17 04:58:16'),
(197, 2, 1, 'Морские Расщелины', 4, 42, 8, 0, NULL, NULL, NULL, NULL, '01-042.jpg', '<p>Когда существо противника получает Х повреждений от яда &ndash; Морские Расщелины могут излечить на Х выбранное ваше существо.</p>', '<p>Темные глубины скрывают здесь невиданных чудовищ.</p>', NULL, NULL, '2018-06-17 05:00:43', '2018-06-17 05:00:43'),
(198, 2, 1, 'Морское Чудовище', 9, 43, 15, 0, 1, 3, 4, 4, '01-043.jpg', '<p>Самолечение 1.<br />-1 от выстрелов.<br />При ближнем ударе по Морскому Чудовищу &ndash; атакованный получает яд.</p>', '<p>В глубоком мраке морской бездны его свет поманит тебя.</p>', NULL, NULL, '2018-06-17 05:03:51', '2018-06-17 05:03:51'),
(199, 2, 1, 'Подводный Храм', 6, 44, 8, 0, NULL, NULL, NULL, NULL, '01-044.jpg', '<p>Ваши существа получают +1 к магическим атакам.</p>', '<p>По подводным пещерам разносится молитвенный шепот, умиротворяющий глубинных чудовищ.</p>', NULL, NULL, '2018-06-17 05:05:32', '2018-06-17 05:05:32'),
(200, 2, 1, 'Риста', 6, 45, 11, 0, 2, 2, 2, 2, '01-045.jpg', '<p>Защита от яда.<br />От атаки Ристы нельзя назначить защитника.<br />При слабом ударе &ndash; атакованный получает яд, при среднем ударе &ndash; атакованный получает яд 2, при сильном ударе &ndash; атакованный получает яд 3.</p>', NULL, NULL, NULL, '2018-06-17 07:30:03', '2018-06-17 07:30:03'),
(201, 2, 1, 'Ядовитая проказница', 3, 46, 5, 0, 1, 1, 1, 1, '01-046.jpg', '<p><img src=\"../icons/tap-16x16.png\" />: выстрел на 1, дальность 3, при этом атакованный получает яд.</p>', '<p>&laquo;Моя любовь как роза: соблазняет душистым ароматом, а потом вонзает шипы&raquo;.</p>', NULL, NULL, '2018-06-17 07:32:29', '2018-06-17 07:32:29'),
(202, 2, 1, 'Гидраер', 6, 47, 9, 0, 1, 3, 4, 5, '01-047.jpg', '<p>Когда убивает существо &ndash; полностью излечивается.<br /><img src=\"../icons/tap-16x16.png\" />: стать летающим.</p>', '<p>Водная гладь вспенивается: морской дракон решил размять крылья!</p>', NULL, NULL, '2018-06-17 07:37:36', '2018-06-17 07:37:36'),
(203, 2, 1, 'Кавард, Обломанное Крыло', 6, 48, 12, 0, 1, 3, 4, 5, '01-048.jpg', '<p>Доспех 2.<br />При передвижении с одной половины поля боя на другую &ndash; может переместиться на выбранную клетку поля боя.</p>', '<p>Нашествие саранчи не остановить.</p>', NULL, NULL, '2018-06-17 07:40:00', '2018-06-17 07:40:00'),
(204, 2, 1, 'Маг Барьеров', 4, 49, 8, 0, 1, 1, 1, 2, '01-049.jpg', '<p><img src=\"../icons/insttap-16x16.png\" />: выбранное существо получает защиту от разрядов до конца хода.</p>', '<p>&laquo;Воздушный берьер оградит тебя&raquo;.</p>', NULL, NULL, '2018-06-17 07:41:41', '2018-06-17 07:41:41'),
(205, 2, 1, 'Невидимка', 5, 50, 3, 0, 1, 3, 4, 4, '01-050.jpg', '<p>При сильной атаке существа противника &ndash; возродиться рядом с ним в закрытом виде (1 раз для каждого существа).</p>', '<p>&laquo;Я скрываю свой божественный лик от невежественных глаз&raquo;.</p>', NULL, NULL, '2018-06-17 07:43:46', '2018-06-17 07:43:46'),
(206, 2, 1, 'Серый Дракон', 5, 51, 6, 1, NULL, 2, 3, 3, '01-051.jpg', '<p>От атаки Серого Дракона нельзя назначить защитника.<br />Все атаки по Серому Дракону сводятся к 1.</p>', '<p>Под крепкой чушуей бъется мягкое сердце.</p>', NULL, NULL, '2018-06-17 07:45:49', '2018-06-17 07:45:49'),
(207, 2, 1, 'Творец Ветров', 5, 52, 10, 0, 1, 1, 1, 2, '01-052.jpg', '<p><img src=\"../icons/tap-16x16.png\" />: волшебство &laquo;Вихрь&raquo; &ndash; ранить два или менее существа, принадлежащие к одной стихии, на 2.</p>', '<p>&laquo;Вихрь закружит тебя в танце смерти&raquo;.</p>', NULL, NULL, '2018-06-17 07:48:25', '2018-06-17 07:48:25'),
(208, 2, 1, 'Телепат', 5, 53, 8, 0, 1, 1, 2, 2, '01-053.jpg', '<p><img src=\"../icons/insttap-16x16.png\" />: разряд на 2, дальность 3, при этом переместить атакованного на одну клетку в любом направлении.</p>', '<p>&laquo;Я не вижу пути, но кровь и туман выведут нас на верную дорогу&raquo;.</p>', NULL, NULL, '2018-06-17 07:52:43', '2018-06-17 07:52:43'),
(209, 2, 1, 'Дубовый Страж', 9, 54, 17, 0, 1, 4, 4, 5, '01-054.jpg', '<p>Блокирует каждую третью атаку по себе.</p>', '<p>&laquo;Лесная чаща не выпустит тебя&raquo;.</p>', NULL, NULL, '2018-06-17 07:56:40', '2018-06-17 07:56:40'),
(210, 2, 1, 'Заблудившиеся', 6, 55, 18, 0, 0, 5, 6, 7, '01-055.jpg', '<p>Неуклюжесть 1.</p>', '<p>&laquo;Ты обрек нас на погибель&raquo;.</p>', NULL, NULL, '2018-06-17 07:59:11', '2018-06-17 07:59:11'),
(211, 2, 1, 'Львиногривый', 7, 56, 13, 0, 1, 4, 4, 4, '01-056.jpg', '<p>Доспех 2.<br />Ваши существа, стоящие слева и справа от Львиногривого, получают &laquo;Мастерство атаки 10&raquo;.</p>', '<p>Земля расходится трещинами, когда он рычит.</p>', NULL, NULL, '2018-06-17 08:03:28', '2018-06-17 08:03:28'),
(212, 2, 1, 'Олаф', 4, 57, 8, 0, 0, 1, 2, 2, '01-057.jpg', '<p><img src=\"../icons/tap-16x16.png\" />: выстрел на 2, дальность 3.</p>', '<p>&laquo;Я не боюсь смерти, земля примет меня в свои объятия&raquo;.</p>', NULL, NULL, '2018-06-17 08:07:16', '2018-06-17 08:07:16'),
(213, 2, 1, 'Песчаная Наездница', 8, 58, 14, 0, 1, 3, 4, 5, '01-058.jpg', '<p>Самолечение 3.</p>', '<p>&laquo;Абрбрбр...&raquo;</p>', NULL, NULL, '2018-06-17 08:23:38', '2018-06-17 08:23:38'),
(214, 2, 1, 'Полководец Подземелий', 8, 59, 18, 0, 2, 4, 4, 4, '01-059.jpg', '<p>Самолечение 2. При промахе вашего существа земли в ваш ход &ndash; Полководец Подземелий может объявить яростный удар на 4 (два раза за ход).</p>', '<p>&laquo;Под землей мне не нужны глаза: я приду на запах твоего страха&raquo;.</p>', NULL, NULL, '2018-06-17 08:31:23', '2018-06-17 08:31:23'),
(215, 2, 1, 'Вулкан Вириона', 7, 60, 10, 0, NULL, NULL, NULL, NULL, '01-060.jpg', '<p>Ваши существа огня получают защиту от волшебства и -1 от ближних атак.</p>', '<p>Древний вулкан давно не просыпался.</p>', NULL, NULL, '2018-06-17 08:37:14', '2018-06-17 08:37:14'),
(216, 2, 1, 'Магистр Тильнус', 8, 61, 9, 0, 1, 1, 2, 2, '01-061.jpg', '<p><img src=\"../icons/tap-16x16.png\" />: разряд на 2-3-4.<br />При разряде на Х может объявить разряд на Х-1 по существу, стоящему рядом с атакованным (один раз за ход).</p>', '<p>&laquo;Что лучше, чем один фаербол? Два фаербола?!&raquo;.</p>', NULL, NULL, '2018-06-17 08:45:01', '2018-06-17 08:45:01'),
(217, 2, 1, 'Огненная Андра', 7, 62, 8, 0, 1, 1, 2, 2, '01-062.jpg', '<p><img src=\"../icons/tap-16x16.png\" />: волшебный удар на 2, при этом разряд на 2.</p>', '<p>Не бывает дыма без огня.</p>', NULL, NULL, '2018-06-17 08:48:53', '2018-06-17 08:48:53'),
(218, 2, 1, 'Огненный Вепрь', 9, 63, 13, 0, 2, 3, 4, 3, '01-063.jpg', '<p>Защита от магии.<br />При передвижении на свободную клетку &ndash; эта клетка получает &laquo;Огненный Поток&raquo;: когда существо передвигается или перемещается на эту клетку, ранить его на 2, при этом потерять &laquo;Огненный Поток&raquo;.</p>', NULL, NULL, NULL, '2018-06-17 11:23:52', '2018-06-17 11:23:52'),
(219, 2, 1, 'Приспешник Чидоа', 5, 64, 8, 0, 1, 1, 2, 2, '01-064.jpg', '<p>Защита от выстрелов.<br />В начале вашего хода &ndash; выбранное ваше существо может получить 2<img src=\"../icons/counter-16x16.png\" />, при этом это существо не может действовать до конца хода.<br /><img src=\"../icons/tap-16x16.png\" />: разряд на 1.</p>', NULL, NULL, NULL, '2018-06-17 11:27:17', '2018-06-17 11:27:17'),
(220, 2, 1, 'Служительница Огня', 4, 65, 7, 0, 1, 1, 1, 2, '01-065.jpg', '<p><img src=\"../icons/tap-16x16.png\" />: разряд на 1-2-2, дальность 3.<br />+1 к разряду, если вы ходите вторым.</p>', '<p>&laquo;Огонь разжигает страсть даже в самом холодном сердце&raquo;.</p>', NULL, NULL, '2018-06-17 11:29:18', '2018-06-17 11:29:18'),
(221, 1, 1, 'Говорящая с Драконами', 5, 66, 9, 0, 1, 1, 2, 2, '01-066.jpg', '<p><img src=\"../icons/tap-16x16.png\" />: разряд на 1-2-3, дальность 3.<br />+1 к разряду по летающим.</p>', '<p>&laquo;Мои огнедышащие питомцы нежно урчат, когда я напеваю им свою колыбельную&raquo;.</p>', NULL, NULL, '2018-06-17 11:32:00', '2018-06-17 11:32:00'),
(222, 2, 1, 'Ночной Убийца', 4, 67, 7, 0, 1, 1, 2, 3, '01-067.jpg', '<p><img src=\"../icons/tap-16x16.png\" />: яростный удар на 2, только по темным картам.</p>', '<p>&laquo;Кромешный мрак &ndash; мой союзник&raquo;.</p>', NULL, NULL, '2018-06-17 11:34:48', '2018-06-17 11:34:48'),
(223, 2, 1, 'Служитель Света', 7, 68, 12, 0, 2, 2, 2, 3, '01-068.jpg', '<p>Защита от выстрелов.<br /><img src=\"../icons/tap-16x16.png\" />: волшебный удар на 2.<br />При обычном ударе получает +1 к волшебному удару.</p>', '<p>&laquo;Кто придет ко мне с мечом &ndash; уйдет без головы&raquo;.</p>', NULL, NULL, '2018-06-17 12:19:39', '2018-06-17 12:19:39'),
(224, 2, 1, 'Стрелок Гваингварда', 4, 69, 8, 0, 2, 1, 1, 2, '01-069.jpg', '<p><img src=\"../icons/tap-16x16.png\" />: выстрел на 1-2-3.<br />+1 к выстрелу по картам, обладающим дальной атакой.</p>', '<p>&laquo;Главное &ndash; не меткий глаз, а ровное биение сердца&raquo;.</p>', NULL, NULL, '2018-06-17 12:22:32', '2018-06-17 12:22:32'),
(225, 2, 1, 'Умиротворенная', 5, 70, 8, 0, 1, 1, 1, 1, '01-070.jpg', '<p><img src=\"../icons/insttap-16x16.png\" />: излечить другое существо на 3.</p>', '<p>&laquo;Я исцелю твое тело, но твоей душе поможет только молитва&raquo;.</p>', NULL, NULL, '2018-06-17 12:24:35', '2018-06-17 12:24:35'),
(226, 2, 1, 'Арифа, Тёмное Око', 4, 71, 8, 0, 1, 1, 1, 1, '01-071.jpg', '<p><img src=\"../icons/tap-16x16.png\" />: разряд на 1, дальность 2, при этом следующий удар вашего тёмного существа по этой карте становится яростным.</p>', '<p>В глубине ее глаз сокрыто проклятье! Один взгляд поставит на тебе черную метку!</p>', NULL, NULL, '2018-06-17 12:27:57', '2018-06-17 12:27:57'),
(227, 2, 1, 'Графиня Упырей', 6, 72, 12, 0, 2, 2, 3, 4, '01-072.jpg', '<p>В начале вашего хода может уничтожить другое ваше существо, при этом ранить выбранное существо на 3.</p>', '<p>&laquo;Мои хвостатые прислужники готовы отдать за меня свою никчемную жизнь&raquo;.</p>', NULL, NULL, '2018-06-17 12:31:05', '2018-06-17 12:31:05'),
(228, 2, 1, 'Кровавый истязатель', 5, 73, 18, 0, 1, 1, 2, 2, '01-073.jpg', '<p>Защита от яда. Вампиризм.</p>', '<p>&laquo;Я буду неспешно впитывать твою кровь, пока жизнь в твоих глазах не иссякнет&raquo;.</p>', NULL, NULL, '2018-06-17 12:32:54', '2018-06-17 12:32:54'),
(229, 2, 1, 'Кровожадный убийца', 7, 74, 12, 0, 1, 3, 3, 5, '01-074.jpg', '<p>Вампиризм. Мастерство атаки 2.</p>', '<p>&laquo;Меня влечет аромат крови&raquo;.</p>', NULL, NULL, '2018-06-17 12:39:30', '2018-06-17 12:39:30'),
(230, 2, 1, 'Ловец Снов', 5, 75, 8, 0, 1, 3, 2, 2, '01-075.jpg', '<p>Защита от выстрелов.<br />В начале боя может выбрать существо противника; когда это существо действует &ndash; может ранить его на 2, при этом излечиться на 2.<br /><img src=\"../icons/tap-16x16.png\" />: разряд на 2.</p>', NULL, NULL, NULL, '2018-06-17 12:41:46', '2018-06-17 12:41:46'),
(231, 2, 1, 'Спрятанный в тумане', 5, 76, 10, 0, 1, 2, 3, 4, '01-076.jpg', '<p>Вампиризм.<br />Яростный удар по существам с 4 или менее текущими жизнями.</p>', '<p>&laquo;Сквозь серую дымку видно очертание моей руки за долю секунды перед сокрушительным ударом&raquo;.</p>', NULL, NULL, '2018-06-17 12:44:31', '2018-06-17 12:44:31'),
(232, 2, 1, 'Тихий Грызень', 3, 77, 8, 0, 1, 2, 2, 2, '01-077.jpg', '<p>Вампиризм. Мастерство защиты 1.<br />До набора отряда можете показать Тихого Грызня противнику и поставить его на выбранную клетку второго или третьего ряда противника.</p>', '<p>Она запустит к тебе грызьня.</p>', NULL, NULL, '2018-06-17 13:00:51', '2018-06-17 13:00:51'),
(233, 1, 1, 'Бинесса', 6, 78, 10, 0, 1, 1, 2, 2, '01-078.jpg', '<p>Защита от разрядов.<br /><img src=\"../icons/tap-16x16.png\" />: разряд на 3, дальность 2.</p>', '<p>&laquo;Отражение в сгустках болотной слизи подчеркивает мою красоту&raquo;.</p>', NULL, NULL, '2018-06-17 13:03:06', '2018-06-17 13:05:17'),
(234, 1, 1, 'Болотная Дева', 5, 79, 8, 0, 3, 2, 3, 3, '01-079.jpg', '<p>-1 от атак.</p>', '<p>&laquo;Мои ласки вязкие, как лесные топи&raquo;.</p>', NULL, NULL, '2018-06-17 13:13:26', '2018-06-17 13:13:26'),
(235, 1, 1, 'Бравый Рыцарь Воды', 5, 80, 10, 0, 1, 2, 3, 3, '01-080.jpg', '<p>При атаке по существу противника, оно не может двигаться, пока стоит рядом с Бравым Рыцарем Воды.</p>', '<p>&laquo;Один из нас должен погибнуть в битве. Иного не дано&raquo;.</p>', NULL, NULL, '2018-06-17 13:16:08', '2018-06-17 13:16:08'),
(236, 1, 1, 'Водянистая Статуя', 3, 81, 7, 0, 1, 1, 1, 2, '01-081.jpg', '<p><img src=\"../icons/tap-16x16.png\" />: разряд на 1-2-2, дальность 3.</p>', '<p>Боги замирают перед обнаженными очертаниями ее тела.</p>', NULL, NULL, '2018-06-17 13:18:27', '2018-06-17 13:18:27'),
(237, 1, 1, 'Гвардеец Треналанов', 6, 82, 11, 0, 1, 3, 3, 3, '01-082.jpg', '<p>Самолечение 2. Мастерство защиты 1.</p>', '<p>&laquo;Женской наготы не бывает много&raquo;.</p>', NULL, NULL, '2018-06-17 13:19:49', '2018-06-17 13:19:49'),
(238, 1, 1, 'Зарина, Ядовитая Сталь', 6, 83, 12, 0, 1, 2, 3, 4, '01-083.jpg', '<p>Защита от яда.<br />При ударе &ndash; атакованный получает яд.</p>', '<p>&laquo;Сколькие судьбы я отравила своей крастой&raquo;.</p>', NULL, NULL, '2018-06-17 13:22:03', '2018-06-17 13:22:03'),
(239, 1, 1, 'Карательница Магии', 4, 84, 8, 0, 1, 1, 2, 2, '01-084.jpg', '<p>В начале боя может выбрать существо противника. Когда это существо объявляет магическую особенность &ndash; Карательница Магии может объявить разряд 1 по этому существу.</p>', NULL, NULL, NULL, '2018-06-17 13:23:59', '2018-06-17 13:23:59'),
(240, 1, 1, 'Котофей, Похититель Рыб', 4, 85, 8, 0, 2, 2, 3, 2, '01-085.jpg', '<p>Может двигаться по диагонали.</p>', '<p>&laquo;Чужой улов лучше прятать в самом укромном месте &ndash; у себя в животике&raquo;.</p>', NULL, NULL, '2018-06-17 13:27:25', '2018-06-17 13:27:25'),
(241, 1, 1, 'Мечница Водной Глади', 4, 86, 6, 0, 1, 2, 2, 2, '01-086.jpg', '<p>Мастерство защиты 2.<br />-1 от немашических атак.</p>', '<p>&laquo;Мой жидкий клинок ручейком вьется у меня в пальцах, но достаточно мне пожелать &ndash; и он пронзает насквозь!&raquo;.</p>', NULL, NULL, '2018-06-17 13:29:50', '2018-06-17 13:29:50'),
(242, 1, 1, 'Морской Тарантул', 8, 87, 15, 0, 1, 3, 4, 4, '01-087.jpg', '<p>Самолечение 1. Вместо самолечения &ndash; может объявить воздействие &laquo;Ядовитый Укус&raquo; &ndash; выбранное стоящее рядом существо получает яд.</p>', '<p>Он не даст тебе понежиться под лучами пляжного солнца.</p>', NULL, NULL, '2018-06-17 13:33:14', '2018-06-17 13:33:14'),
(243, 1, 1, 'Начальница Порта', 6, 88, 13, 0, 1, 3, 4, 4, '01-088.jpg', '<p>Защита от яда.<br />От атаки Начальницы Порта нельзя назначить защитника.<br />+2 к обычному удару по картам земли.<br />-2 от атак карт земли.</p>', '<p>&laquo;Тебе нравятся девушки в форме?&raquo;.</p>', NULL, NULL, '2018-06-17 13:36:06', '2018-06-17 13:36:06'),
(244, 1, 1, 'Начинающий Маг Треналанов', 3, 89, 6, 0, 1, 1, 1, 2, '01-089.jpg', '<p><img src=\"../icons/tap-16x16.png\" />: разряд на 1-1-2.</p>', '<p>&laquo;Всю свою боль от утраты я заключила в этой призрачной сфере&raquo;.</p>', NULL, NULL, '2018-06-17 13:38:22', '2018-06-17 13:38:22'),
(245, 1, 1, 'Нуким', 4, 90, 9, 0, 1, 2, 2, 2, '01-090.jpg', '<p><img src=\"../icons/tap-16x16.png\" />: разряд на 2.<br />При среднем или сильном разряде &ndash; атакованный получает яд.</p>', '<p>&laquo;Я ношу вечный траур по потерянной надежде&raquo;.</p>', NULL, NULL, '2018-06-17 13:41:50', '2018-06-17 13:41:50'),
(246, 1, 1, 'Отравленный Ангел', 3, 91, 4, 1, NULL, 1, 2, 2, '01-091.jpg', '<p>При атаке &ndash; может уничтожить себя, при этом атакованный получает яд 2.</p>', '<p>&laquo;Ты выпил яд, предназначенный для меня&raquo;.</p>', NULL, NULL, '2018-06-17 13:43:26', '2018-06-17 13:43:26'),
(247, 1, 1, 'Плененная Дева', 3, 92, 3, 0, 1, 2, 2, 2, '01-092.jpg', '<p>Прыжок, дальность 2.<br />При гибели &ndash; ранить всех стоящих рядом существ на 1.</p>', '<p>Не обманывайся ее хрупким сложением &ndash; она закована в цепи не случайно.</p>', NULL, NULL, '2018-06-17 14:29:52', '2018-06-17 14:29:52'),
(248, 1, 1, 'Продвинутый Маг Треналанов', 4, 93, 9, 0, 1, 1, 2, 3, '01-093.jpg', '<p><img src=\"../icons/tap-16x16.png\" />: разряд на 1-2-2, дальность 3.</p>', '<p>В книге заклинаний хранятся все тайны водяной стихии.</p>', NULL, NULL, '2018-06-17 14:44:17', '2018-06-17 14:44:17'),
(249, 1, 1, 'Санарэ', 3, 94, 6, 0, 3, 1, 2, 2, '01-094.jpg', '<p>Немагические атаки по Санарэ сводятся к 1.</p>', '<p>&laquo;Меня не взять оружием смертных&raquo;.</p>', NULL, NULL, '2018-06-17 14:46:35', '2018-06-17 14:46:35'),
(250, 1, 1, 'Сиамэ', 4, 95, 8, 0, 1, 1, 1, 1, '01-095.jpg', NULL, NULL, '<p><img src=\"../icons/tap-16x16.png\" />: разряд на 1-2-2, дальность 3.<br /><img src=\"../icons/insttap-16x16.png\" />: выбранное существо получает -1 от атак до конца хода.</p>', '<p>&laquo;Одно прикосновение наделит тебя вневирионской силой&raquo;.</p>', '2018-06-17 14:48:32', '2018-06-17 14:48:32'),
(251, 1, 1, 'Соманулла', 4, 96, 6, 0, 1, 1, 2, 2, '01-096.jpg', '<p><img src=\"../icons/tap-16x16.png\" />: разряд на 1-2-2, дальность 2.<br />Когда призыват существо &ndash; может объявить разряд на 1 по нему.</p>', '<p>&laquo;Не люблю пустое кокетство. Меня волнуют только настоящие чувства&raquo;.</p>', NULL, NULL, '2018-06-17 14:52:25', '2018-06-17 14:52:25'),
(252, 1, 1, 'Стрелок Подводных Глубин', 3, 97, 6, 0, 1, 1, 2, 3, '01-097.jpg', '<p><img src=\"../icons/tap-16x16.png\" />: выстрел на 1, дельность 3.<br />При сильной атаке &ndash; атакованный получает яд.</p>', '<p>&laquo;Даже в мутной воде мой выстрел настигнет цель&raquo;.</p>', NULL, NULL, '2018-06-17 14:55:07', '2018-06-17 14:55:07'),
(253, 1, 1, 'Трусливая Русалка', 3, 98, 5, 0, 1, 1, 2, 2, '01-098.jpg', '<p><img src=\"../icons/tap-16x16.png\" />: выстрел на 1, дальность 3.<br />При среднем выстреле &ndash; атакованный получает яд.</p>', '<p>&laquo;Моя трусливость напускная&raquo;.</p>', NULL, NULL, '2018-06-17 14:57:36', '2018-06-17 14:57:36'),
(254, 1, 1, 'Безразличное Создание', 4, 99, 7, 1, NULL, 1, 2, 2, '01-099.jpg', '<p>В начале боя выбранное существо получает +1 к передвижению.</p>', '<p>&laquo;Мне чужда жалость и безразличны мольбы моих жертв&raquo;.</p>', NULL, NULL, '2018-06-17 15:02:26', '2018-06-17 15:02:26'),
(255, 1, 1, 'Воздушница', 3, 100, 7, 0, 1, 1, 1, 1, '01-100.jpg', '<p><img src=\"../icons/tap-16x16.png\" />: разряд на 1, дальность 3, при этом атакованный теряет <img src=\"../icons/counter-16x16.png\" />.</p>', '<p>По ее легкому следу стелется белоснежный туман.</p>', NULL, NULL, '2018-06-17 15:04:07', '2018-06-17 15:04:07'),
(256, 1, 1, 'Воздушный Патруль', 4, 101, 7, 0, 1, 1, 2, 2, '01-101.jpg', '<p>В начале боя может стать летающим.</p>', '<p>&laquo;Всякий час мы готовы расправить крылья по тревоге и ринуться в бой&raquo;.</p>', NULL, NULL, '2018-06-17 15:39:58', '2018-06-17 15:39:58'),
(257, 1, 1, 'Воин Страны Ветров', 5, 102, 11, 0, 1, 1, 4, 5, '01-102.jpg', '<p>Мастерство атаки 1.</p>', '<p>&laquo;Песчаная буря укроет меня от врагов&raquo;.</p>', NULL, NULL, '2018-06-17 16:01:03', '2018-06-17 16:48:26'),
(258, 1, 1, 'Волшебный Оазис', 1, 103, 4, 0, NULL, NULL, NULL, NULL, '01-103.jpg', '<p><img src=\"../icons/tap-16x16.png\" />: уничтожиться, при этом выбранное стоящее рядом существо перемещается на эту клетку.</p>', '<p>Многие заблудшие, измученные жаждой путники нашли здесь приют.</p>', NULL, NULL, '2018-06-17 16:03:56', '2018-06-17 16:03:56'),
(259, 1, 1, 'Караби', 5, 104, 11, 0, 1, 2, 2, 3, '01-104.jpg', '<p>При передвижении или перемещении существа противника рядом с вашим существом воздуха &ndash; может объявить разряд на 1 (два раза за ход).</p>', '<p>&laquo;Пироэлектрики владеют магией огня и молнии&raquo;.</p>', NULL, NULL, '2018-06-17 16:10:42', '2018-06-17 16:10:42'),
(260, 1, 1, 'Крылатый Демон', 3, 105, 5, 1, NULL, 1, 2, 3, '01-105.jpg', '<p>От атаки Крылатого Демона нельзя назначить защитника.</p>', '<p>&laquo;Единственный, кто здесь нуждается в защите &ndash; это ты&raquo;.</p>', NULL, NULL, '2018-06-17 16:14:32', '2018-06-17 16:14:32'),
(261, 1, 1, 'Молодой Дракон', 4, 106, 7, 1, NULL, 1, 2, 3, '01-106.jpg', '<p>При ударе &ndash; атакованный получает -1 к обычному удару до конца хода.</p>', '<p>Его юное сердце пылает исполинским жаром.</p>', NULL, NULL, '2018-06-17 16:16:36', '2018-06-17 16:16:36'),
(262, 1, 1, 'Наемник Ветров', 6, 107, 11, 0, 1, 3, 3, 4, '01-107.jpg', '<p>Защита от выстрелов.<br />Мастерство атаки 1.</p>', '<p>Сговорчивый делец. За сносную плату он готов поставить свои клинки на службу любому.</p>', NULL, NULL, '2018-06-17 16:20:13', '2018-06-17 16:20:13'),
(263, 1, 1, 'Начинающий Маг Воздуха', 4, 108, 8, 0, 1, 1, 1, 1, '01-108.jpg', '<p><img src=\"../icons/tap-16x16.png\" />: разряд на 1, дальность 2.</p>', '<p>Магия воздуха покорится только тем, кто готов одолеть главного противника &ndash; самого себя.</p>', NULL, NULL, '2018-06-17 16:22:22', '2018-06-17 16:22:22'),
(264, 1, 1, 'Ормия', 3, 109, 5, 1, NULL, 3, 2, 1, '01-109.jpg', NULL, '<p>&laquo;Стая сумрачных крылачей выклюет тебе глаза, и тьма отныне будет твоим вечным спутником&raquo;.</p>', NULL, NULL, '2018-06-17 16:24:48', '2018-06-17 16:24:48'),
(265, 1, 1, 'Познавший Небеса', 6, 110, 7, 1, NULL, 2, 2, 2, '01-110.jpg', '<p>При ударе &ndash; ранить стоящее рядом с атакованным существо на 1.</p>', '<p>Падшим ангелам суждены вечные страдания.</p>', NULL, NULL, '2018-06-17 16:27:33', '2018-06-17 16:27:33'),
(266, 1, 1, 'Провидец Литиуров', 3, 111, 7, 0, 1, 1, 2, 3, '01-111.jpg', '<p>Защита от яда.<br /><img src=\"../icons/insttap-16x16.png\" />: выбранное существо перебрасывает кубик.</p>', '<p>&laquo;На этом спектакле жизни я &ndash; главный режиссер&raquo;.</p>', NULL, NULL, '2018-06-17 16:29:47', '2018-06-17 16:29:47'),
(267, 1, 1, 'Сбежавший Отшельник', 4, 112, 7, 0, 1, 1, 2, 2, '01-112.jpg', '<p><img src=\"../icons/tap-16x16.png\" />: разряд на 1-1-2.<br />Знание Огня 2: +1 к разряду.</p>', '<p>&laquo;Единение и гармония с природой приведут тебя к истинному просветлению&raquo;.</p>', NULL, NULL, '2018-06-17 16:33:58', '2018-06-17 16:33:58'),
(268, 1, 1, 'Солнцепоклонница', 3, 113, 7, 0, 1, 1, 2, 2, '01-113.jpg', '<p>В начале боя может передвинуть выбранное существо на 1 клетку в любом направлении.</p>', '<p>&laquo;Не ты выбираешь путь, а духи солнца повелевают&raquo;.</p>', NULL, NULL, '2018-06-17 16:37:23', '2018-06-17 16:37:23'),
(269, 1, 1, 'Сходлен', 4, 114, 8, 1, NULL, 1, 2, 3, '01-114.jpg', '<p>Самолечение 1.</p>', '<p>После падения с большой высоты только самый стойкий найдет в себе силы подняться.</p>', NULL, NULL, '2018-06-17 16:40:56', '2018-06-17 16:40:56'),
(270, 1, 1, 'Хатано', 5, 115, 10, 1, NULL, 2, 2, 2, '01-115.jpg', '<p>Когда атакует существо, обладающее дальней атакой, имеет: &laquo;+1 к атаке, от атаки Хатано нельзя назначить защитника&raquo;.</p>', '<p>&laquo;Во мне видят вольную птицу, но на самом деле я всю жизнь ищу покровителя&raquo;.</p>', NULL, NULL, '2018-06-17 16:43:50', '2018-06-17 16:43:50'),
(271, 1, 1, 'Холодная Странница', 5, 116, 10, 0, 1, 2, 2, 2, '01-116.jpg', '<p>При перемещении или передвижении сущеста противника на вашу половину поля боя &ndash; может объявить волшебный удар на 1.</p>', '<p>&laquo;Холод моего сердца растопит лишь любовь&raquo;.</p>', NULL, NULL, '2018-06-17 16:45:52', '2018-06-17 16:45:52'),
(272, 1, 1, 'Шин, Предвестница Битв', 3, 117, 7, 0, 1, 1, 1, 1, '01-117.jpg', NULL, NULL, '<p><img src=\"../icons/insttap-16x16.png\" />: выбранное существо перебрасывает кубик, при этом излечить его на 1.</p>', '<p>&laquo;Дар провидца &ndash; это проклятье: ты пропускаешь сквозь себя всю вселенскую боль&raquo;.</p>', '2018-06-17 17:19:30', '2018-06-17 17:19:30'),
(273, 1, 1, 'Блуждающая во Тьме', 5, 118, 10, 0, 2, 2, 3, 3, '01-118.jpg', '<p>Может двигаться только по диагонали.<br /><img src=\"../icons/tap-16x16.png\" />: выстрел на 2-3-3, дальность 3, только по диагонили.</p>', '<p>Зачем глаза тому, кто доверяет своим чувствам.</p>', NULL, NULL, '2018-06-17 17:34:46', '2018-06-17 17:34:46'),
(274, 1, 1, 'Геометрический Голем', 12, 119, 22, 0, 1, 8, 6, 8, '01-119.jpg', '<p>Защита от выстрелов. Защита от яда. Неуклюжесть 1.</p>', '<p>Геометрия его форм навевает жуть.</p>', NULL, NULL, '2018-06-17 17:37:10', '2018-06-17 17:37:10'),
(275, 1, 1, 'Киа и Гурбан', 7, 120, 14, 0, 1, 3, 4, 4, '01-120.jpg', '<p><img src=\"../icons/tap-16x16.png\" />: два яростных удара на 2, только по разным картам.</p>', '<p>За хорошую плату они готовы оберегать твою жизнь. Правда, до тех пор, пока кто-нибудь не перебьет ставку.</p>', NULL, NULL, '2018-06-17 17:41:04', '2018-06-17 17:41:04'),
(276, 1, 1, 'Лион Наблюдатель', 5, 121, 12, 0, 1, 3, 4, 3, '01-121.jpg', '<p>Защита от яда. Защита от выстрелов. Восприимчивость к магическим атакам.</p>', '<p>Ничего не скроется от его зорких кошачьих глаз.</p>', NULL, NULL, '2018-06-17 17:42:54', '2018-06-17 17:42:54'),
(277, 1, 1, 'Охотница на Драконов', 8, 122, 14, 0, 1, 3, 4, 4, '01-122.jpg', '<p>Самолечение 1.<br />Может нападать на летающих существ как на стоящих рядом.</p>', '<p>При ее виде Долина Драконов ропщет.</p>', NULL, NULL, '2018-06-17 17:44:51', '2018-06-17 17:44:51'),
(278, 1, 1, 'Пепельный Ангел', 5, 123, 11, 0, 1, 2, 3, 3, '01-123.jpg', '<p>От атаки Пепельного Ангела нельзя назначить защитника.<br />Может нападать на летающих как на стоящих рядом.<br />В начале боя может стать летающим, если вы ходите вторым.</p>', NULL, NULL, NULL, '2018-06-17 17:47:21', '2018-06-17 17:47:21');

-- --------------------------------------------------------

--
-- Структура таблицы `card_deck`
--

CREATE TABLE `card_deck` (
  `id` int(10) UNSIGNED NOT NULL,
  `quantity` int(10) UNSIGNED NOT NULL,
  `card_id` int(10) UNSIGNED NOT NULL,
  `deck_id` int(10) UNSIGNED NOT NULL
) ENGINE=InnoDB DEFAULT CHARSET=utf8mb4 COLLATE=utf8mb4_unicode_ci;

-- --------------------------------------------------------

--
-- Структура таблицы `card_element`
--

CREATE TABLE `card_element` (
  `id` int(10) UNSIGNED NOT NULL,
  `card_id` int(10) UNSIGNED NOT NULL,
  `element_id` int(10) UNSIGNED NOT NULL
) ENGINE=InnoDB DEFAULT CHARSET=utf8mb4 COLLATE=utf8mb4_unicode_ci;

--
-- Дамп данных таблицы `card_element`
--

INSERT INTO `card_element` (`id`, `card_id`, `element_id`) VALUES
(1, 1, 1),
(2, 2, 1),
(3, 3, 2),
(4, 4, 2),
(5, 5, 3),
(6, 6, 3),
(7, 7, 4),
(8, 8, 4),
(9, 9, 5),
(10, 10, 5),
(11, 11, 5),
(12, 12, 6),
(13, 181, 6),
(14, 13, 6),
(15, 14, 1),
(16, 15, 1),
(17, 16, 1),
(18, 17, 1),
(19, 18, 1),
(20, 19, 2),
(21, 20, 2),
(22, 21, 2),
(23, 22, 2),
(24, 23, 2),
(25, 24, 2),
(26, 25, 3),
(27, 26, 3),
(28, 182, 3),
(29, 183, 4),
(30, 184, 4),
(31, 185, 4),
(32, 186, 5),
(33, 187, 5),
(34, 188, 5),
(35, 189, 5),
(36, 190, 6),
(37, 191, 6),
(38, 192, 6),
(39, 193, 6),
(40, 194, 1),
(41, 195, 1),
(42, 196, 1),
(43, 197, 1),
(44, 198, 1),
(45, 199, 1),
(46, 200, 1),
(47, 201, 1),
(48, 202, 2),
(49, 203, 2),
(50, 204, 1),
(51, 205, 2),
(52, 206, 2),
(53, 207, 2),
(54, 208, 2),
(55, 209, 3),
(56, 210, 3),
(57, 211, 3),
(58, 212, 3),
(59, 213, 3),
(60, 214, 3),
(61, 215, 4),
(62, 216, 4),
(63, 217, 4),
(64, 218, 4),
(65, 219, 4),
(66, 220, 4),
(67, 221, 5),
(68, 222, 5),
(69, 223, 5),
(70, 224, 5),
(71, 225, 5),
(72, 226, 6),
(73, 227, 6),
(74, 228, 6),
(75, 229, 6),
(76, 230, 6),
(77, 231, 6),
(78, 232, 6),
(79, 233, 1),
(80, 234, 1),
(81, 235, 1),
(82, 236, 1),
(83, 237, 1),
(84, 238, 1),
(85, 239, 1),
(86, 240, 1),
(87, 241, 1),
(88, 242, 1),
(89, 243, 1),
(90, 244, 1),
(91, 245, 1),
(92, 246, 1),
(93, 247, 1),
(94, 248, 1),
(95, 249, 1),
(96, 250, 1),
(97, 251, 1),
(98, 252, 1),
(99, 253, 1),
(100, 254, 2),
(101, 255, 2),
(102, 256, 2),
(103, 257, 2),
(104, 258, 2),
(105, 259, 2),
(106, 260, 2),
(107, 261, 2),
(108, 262, 2),
(109, 263, 2),
(110, 264, 2),
(111, 265, 2),
(112, 266, 2),
(113, 267, 2),
(114, 268, 2),
(115, 269, 2),
(116, 270, 2),
(117, 271, 2),
(118, 272, 2),
(119, 273, 3),
(120, 274, 3),
(121, 275, 3),
(122, 276, 3),
(123, 277, 3),
(124, 278, 3);

-- --------------------------------------------------------

--
-- Структура таблицы `card_liquid`
--

CREATE TABLE `card_liquid` (
  `id` int(10) UNSIGNED NOT NULL,
  `card_id` int(10) UNSIGNED NOT NULL,
  `liquid_id` int(10) UNSIGNED NOT NULL
) ENGINE=InnoDB DEFAULT CHARSET=utf8mb4 COLLATE=utf8mb4_unicode_ci;

--
-- Дамп данных таблицы `card_liquid`
--

INSERT INTO `card_liquid` (`id`, `card_id`, `liquid_id`) VALUES
(1, 1, 1),
(2, 2, 1),
(3, 3, 2),
(4, 4, 2),
(5, 5, 3),
(6, 6, 3),
(7, 7, 4),
(8, 8, 4),
(9, 9, 5),
(10, 10, 5),
(11, 11, 5),
(12, 12, 6),
(13, 181, 6),
(14, 13, 6),
(15, 14, 1),
(16, 15, 7),
(17, 16, 1),
(18, 17, 1),
(19, 18, 7),
(20, 19, 2),
(21, 20, 2),
(22, 21, 2),
(23, 22, 7),
(24, 23, 7),
(25, 24, 7),
(26, 25, 7),
(27, 26, 3),
(28, 182, 3),
(29, 183, 4),
(30, 184, 7),
(31, 185, 4),
(32, 186, 7),
(33, 187, 7),
(34, 188, 7),
(35, 189, 7),
(36, 190, 6),
(37, 191, 6),
(38, 192, 6),
(39, 193, 7),
(40, 194, 7),
(41, 195, 1),
(42, 196, 7),
(43, 197, 7),
(44, 198, 7),
(45, 199, 7),
(46, 200, 1),
(47, 201, 7),
(48, 202, 7),
(49, 203, 7),
(50, 204, 7),
(51, 205, 7),
(52, 206, 7),
(53, 207, 7),
(54, 208, 2),
(55, 209, 7),
(56, 210, 7),
(57, 211, 3),
(58, 212, 3),
(59, 213, 7),
(60, 214, 3),
(61, 215, 7),
(62, 216, 7),
(63, 217, 7),
(64, 218, 7),
(65, 219, 7),
(66, 220, 4),
(67, 221, 7),
(68, 222, 5),
(69, 223, 5),
(70, 224, 5),
(71, 225, 5),
(72, 226, 6),
(73, 227, 6),
(74, 228, 7),
(75, 229, 7),
(76, 230, 6),
(77, 231, 7),
(78, 232, 7),
(79, 233, 7),
(80, 234, 7),
(81, 235, 7),
(82, 236, 7),
(83, 237, 1),
(84, 238, 7),
(85, 239, 7),
(86, 240, 7),
(87, 241, 1),
(88, 242, 1),
(89, 243, 1),
(90, 244, 1),
(91, 245, 1),
(92, 246, 1),
(93, 247, 7),
(94, 248, 7),
(95, 249, 7),
(96, 250, 7),
(97, 251, 1),
(98, 252, 7),
(99, 253, 7),
(100, 254, 2),
(101, 255, 2),
(102, 256, 2),
(103, 257, 7),
(104, 258, 2),
(105, 259, 7),
(106, 260, 7),
(107, 261, 7),
(108, 262, 7),
(109, 263, 7),
(110, 264, 2),
(111, 265, 2),
(112, 266, 7),
(113, 267, 2),
(114, 268, 2),
(115, 269, 2),
(116, 270, 2),
(117, 271, 2),
(118, 272, 2),
(119, 273, 7),
(120, 274, 7),
(121, 275, 7),
(122, 276, 3),
(123, 277, 7),
(124, 278, 3);

-- --------------------------------------------------------

--
-- Структура таблицы `card_subtype`
--

CREATE TABLE `card_subtype` (
  `id` int(10) UNSIGNED NOT NULL,
  `card_id` int(10) UNSIGNED NOT NULL,
  `subtype_id` int(10) UNSIGNED NOT NULL
) ENGINE=InnoDB DEFAULT CHARSET=utf8mb4 COLLATE=utf8mb4_unicode_ci;

--
-- Дамп данных таблицы `card_subtype`
--

INSERT INTO `card_subtype` (`id`, `card_id`, `subtype_id`) VALUES
(1, 1, 17),
(2, 2, 18),
(3, 3, 6),
(4, 4, 6),
(5, 5, 7),
(6, 6, 15),
(7, 7, 21),
(8, 8, 17),
(9, 9, 1),
(10, 10, 20),
(11, 11, 20),
(12, 12, 2),
(13, 181, 2),
(14, 13, 4),
(15, 14, 18),
(16, 15, 22),
(17, 16, 18),
(18, 17, 18),
(19, 18, 18),
(20, 19, 6),
(21, 20, 20),
(22, 22, 7),
(23, 23, 6),
(24, 24, 17),
(25, 25, 20),
(26, 26, 7),
(27, 182, 5),
(28, 183, 21),
(29, 184, 7),
(30, 185, 21),
(31, 186, 1),
(32, 187, 19),
(33, 188, 7),
(34, 189, 20),
(35, 190, 2),
(36, 191, 2),
(37, 192, 2),
(38, 193, 4),
(39, 194, 15),
(40, 195, 14),
(41, 196, 18),
(42, 198, 12),
(43, 200, 14),
(44, 201, 14),
(45, 202, 6),
(46, 203, 9),
(47, 204, 15),
(48, 205, 20),
(49, 206, 6),
(50, 207, 4),
(51, 208, 20),
(52, 209, 5),
(53, 210, 15),
(54, 211, 7),
(55, 212, 20),
(56, 213, 12),
(57, 213, 20),
(58, 214, 12),
(59, 216, 21),
(60, 217, 7),
(61, 218, 7),
(62, 218, 22),
(63, 219, 12),
(64, 220, 21),
(65, 221, 20),
(66, 222, 20),
(67, 223, 20),
(68, 224, 20),
(69, 225, 20),
(70, 226, 4),
(71, 227, 2),
(72, 228, 4),
(73, 229, 2),
(74, 230, 4),
(75, 231, 4),
(76, 232, 2),
(77, 233, 18),
(78, 234, 14),
(79, 235, 19),
(80, 236, 18),
(81, 237, 18),
(82, 238, 15),
(83, 239, 18),
(84, 240, 7),
(85, 241, 20),
(86, 242, 12),
(87, 243, 20),
(88, 244, 18),
(89, 245, 18),
(90, 246, 1),
(91, 247, 20),
(92, 248, 18),
(93, 249, 14),
(94, 250, 14),
(95, 251, 14),
(96, 252, 14),
(97, 253, 14),
(98, 254, 12),
(99, 255, 20),
(100, 256, 1),
(101, 257, 12),
(102, 259, 20),
(103, 260, 4),
(104, 261, 6),
(105, 262, 20),
(106, 263, 19),
(107, 264, 15),
(108, 265, 1),
(109, 265, 20),
(110, 266, 10),
(111, 267, 21),
(112, 268, 20),
(113, 269, 6),
(114, 270, 15),
(115, 271, 10),
(116, 272, 10),
(117, 273, 15),
(118, 274, 3),
(119, 275, 12),
(120, 275, 20),
(121, 276, 7),
(122, 277, 20),
(123, 278, 1);

-- --------------------------------------------------------

--
-- Структура таблицы `card_supertype`
--

CREATE TABLE `card_supertype` (
  `id` int(10) UNSIGNED NOT NULL,
  `card_id` int(10) UNSIGNED NOT NULL,
  `supertype_id` int(10) UNSIGNED NOT NULL
) ENGINE=InnoDB DEFAULT CHARSET=utf8mb4 COLLATE=utf8mb4_unicode_ci;

--
-- Дамп данных таблицы `card_supertype`
--

INSERT INTO `card_supertype` (`id`, `card_id`, `supertype_id`) VALUES
(1, 1, 1),
(2, 2, 1),
(3, 3, 1),
(4, 6, 1),
(5, 7, 1),
(6, 8, 1),
(7, 9, 1),
(8, 10, 1),
(9, 12, 1),
(10, 181, 1),
(11, 13, 1),
(12, 14, 1),
(13, 15, 1),
(14, 16, 1),
(15, 17, 1),
(16, 19, 1),
(17, 21, 2),
(18, 22, 1),
(19, 24, 1),
(20, 25, 1),
(21, 190, 1),
(22, 192, 1),
(23, 193, 1),
(24, 197, 2),
(25, 199, 2),
(26, 202, 1),
(27, 204, 1),
(28, 205, 1),
(29, 208, 1),
(30, 214, 1),
(31, 216, 1),
(32, 222, 1),
(33, 225, 1),
(34, 226, 1),
(35, 227, 1),
(36, 230, 1),
(37, 232, 1),
(38, 235, 1),
(39, 250, 1),
(40, 259, 1),
(41, 261, 1),
(42, 270, 1),
(43, 275, 1);

-- --------------------------------------------------------

--
-- Структура таблицы `card_type`
--

CREATE TABLE `card_type` (
  `id` int(10) UNSIGNED NOT NULL,
  `card_id` int(10) UNSIGNED NOT NULL,
  `type_id` int(10) UNSIGNED NOT NULL
) ENGINE=InnoDB DEFAULT CHARSET=utf8mb4 COLLATE=utf8mb4_unicode_ci;

--
-- Дамп данных таблицы `card_type`
--

INSERT INTO `card_type` (`id`, `card_id`, `type_id`) VALUES
(1, 1, 2),
(2, 2, 2),
(3, 3, 2),
(4, 4, 2),
(5, 5, 2),
(6, 6, 2),
(7, 7, 2),
(8, 8, 2),
(9, 9, 2),
(10, 10, 2),
(11, 11, 2),
(12, 12, 2),
(13, 181, 2),
(14, 13, 2),
(15, 14, 2),
(16, 15, 2),
(17, 16, 2),
(18, 17, 2),
(19, 18, 2),
(20, 19, 2),
(21, 20, 2),
(22, 21, 1),
(23, 22, 2),
(24, 23, 2),
(25, 24, 2),
(26, 25, 2),
(27, 26, 2),
(28, 182, 2),
(29, 183, 2),
(30, 184, 2),
(31, 185, 2),
(32, 186, 2),
(33, 187, 2),
(34, 188, 2),
(35, 189, 2),
(36, 190, 2),
(37, 191, 2),
(38, 192, 2),
(39, 193, 2),
(40, 194, 2),
(41, 195, 2),
(42, 196, 2),
(43, 197, 1),
(44, 198, 2),
(45, 199, 1),
(46, 200, 2),
(47, 201, 2),
(48, 202, 2),
(49, 203, 2),
(50, 204, 2),
(51, 205, 2),
(52, 206, 2),
(53, 207, 2),
(54, 208, 2),
(55, 209, 2),
(56, 210, 2),
(57, 211, 2),
(58, 212, 2),
(59, 213, 2),
(60, 214, 2),
(61, 215, 1),
(62, 216, 2),
(63, 217, 2),
(64, 218, 2),
(65, 219, 2),
(66, 220, 2),
(67, 221, 2),
(68, 222, 2),
(69, 223, 2),
(70, 224, 2),
(71, 225, 2),
(72, 226, 2),
(73, 227, 2),
(74, 228, 2),
(75, 229, 2),
(76, 230, 2),
(77, 231, 2),
(78, 232, 2),
(79, 233, 2),
(80, 234, 2),
(81, 235, 2),
(82, 236, 2),
(83, 237, 2),
(84, 238, 2),
(85, 239, 2),
(86, 240, 2),
(87, 241, 2),
(88, 242, 2),
(89, 243, 2),
(90, 244, 2),
(91, 245, 2),
(92, 246, 2),
(93, 247, 2),
(94, 248, 2),
(95, 249, 2),
(96, 250, 2),
(97, 251, 2),
(98, 252, 2),
(99, 253, 2),
(100, 254, 2),
(101, 255, 2),
(102, 256, 2),
(103, 257, 2),
(104, 258, 1),
(105, 259, 2),
(106, 260, 2),
(107, 261, 2),
(108, 262, 2),
(109, 263, 2),
(110, 264, 2),
(111, 265, 2),
(112, 266, 2),
(113, 267, 2),
(114, 268, 2),
(115, 269, 2),
(116, 270, 2),
(117, 271, 2),
(118, 272, 2),
(119, 273, 2),
(120, 274, 2),
(121, 275, 2),
(122, 276, 2),
(123, 277, 2),
(124, 278, 2);

-- --------------------------------------------------------

--
-- Структура таблицы `decks`
--

CREATE TABLE `decks` (
  `id` int(10) UNSIGNED NOT NULL,
  `format_id` int(10) UNSIGNED NOT NULL,
  `user_id` int(10) UNSIGNED NOT NULL,
  `name` varchar(50) COLLATE utf8mb4_unicode_ci NOT NULL,
  `description` text COLLATE utf8mb4_unicode_ci NOT NULL,
  `created_at` timestamp NULL DEFAULT NULL,
  `updated_at` timestamp NULL DEFAULT NULL
) ENGINE=InnoDB DEFAULT CHARSET=utf8mb4 COLLATE=utf8mb4_unicode_ci;

-- --------------------------------------------------------

--
-- Структура таблицы `editions`
--

CREATE TABLE `editions` (
  `id` int(10) UNSIGNED NOT NULL,
  `number` int(10) UNSIGNED NOT NULL,
  `name` varchar(50) COLLATE utf8mb4_unicode_ci NOT NULL,
  `image` varchar(255) COLLATE utf8mb4_unicode_ci DEFAULT NULL,
  `code` varchar(5) COLLATE utf8mb4_unicode_ci NOT NULL,
  `quantity` int(10) UNSIGNED NOT NULL,
  `description` text COLLATE utf8mb4_unicode_ci NOT NULL,
  `created_at` timestamp NULL DEFAULT NULL,
  `updated_at` timestamp NULL DEFAULT NULL
) ENGINE=InnoDB DEFAULT CHARSET=utf8mb4 COLLATE=utf8mb4_unicode_ci;

--
-- Дамп данных таблицы `editions`
--

INSERT INTO `editions` (`id`, `number`, `name`, `image`, `code`, `quantity`, `description`, `created_at`, `updated_at`) VALUES
(1, 1, 'Кровавый туман', 'ktm-16x16.png', 'КТМ', 180, 'Далеко-далеко за словесными горами в стране, гласных и согласных живут рыбные тексты. Великий вопрос злых, меня предупреждал, родного свою пунктуация! Букв текста своего щеке курсивных выйти рыбного ведущими рекламных подзаголовок грамматики предупредила?', '2018-06-16 15:58:59', '2018-06-16 15:58:59'),
(2, 2, 'Падение Гваингварда', 'pgv-16x16.png', 'ПГВ', 140, 'Описание.', '2018-06-16 15:58:59', '2018-06-16 15:58:59');

-- --------------------------------------------------------

--
-- Структура таблицы `edition_format`
--

CREATE TABLE `edition_format` (
  `id` int(10) UNSIGNED NOT NULL,
  `edition_id` int(10) UNSIGNED NOT NULL,
  `format_id` int(10) UNSIGNED NOT NULL
) ENGINE=InnoDB DEFAULT CHARSET=utf8mb4 COLLATE=utf8mb4_unicode_ci;

--
-- Дамп данных таблицы `edition_format`
--

INSERT INTO `edition_format` (`id`, `edition_id`, `format_id`) VALUES
(1, 1, 1),
(2, 1, 2),
(3, 2, 2);

-- --------------------------------------------------------

--
-- Структура таблицы `elements`
--

CREATE TABLE `elements` (
  `id` int(10) UNSIGNED NOT NULL,
  `name` varchar(50) COLLATE utf8mb4_unicode_ci NOT NULL,
  `image` varchar(255) COLLATE utf8mb4_unicode_ci DEFAULT NULL,
  `created_at` timestamp NULL DEFAULT NULL,
  `updated_at` timestamp NULL DEFAULT NULL
) ENGINE=InnoDB DEFAULT CHARSET=utf8mb4 COLLATE=utf8mb4_unicode_ci;

--
-- Дамп данных таблицы `elements`
--

INSERT INTO `elements` (`id`, `name`, `image`, `created_at`, `updated_at`) VALUES
(1, 'Водная', 'water-16x16.png', '2018-06-16 15:59:00', '2018-06-16 15:59:00'),
(2, 'Воздушная', 'air-16x16.png', '2018-06-16 15:59:00', '2018-06-16 15:59:00'),
(3, 'Земляная', 'earth-16x16.png', '2018-06-16 15:59:00', '2018-06-16 15:59:00'),
(4, 'Огненная', 'fire-16x16.png', '2018-06-16 15:59:00', '2018-06-16 15:59:00'),
(5, 'Светлая', 'light-16x16.png', '2018-06-16 15:59:00', '2018-06-16 15:59:00'),
(6, 'Темная', 'dark-16x16.png', '2018-06-16 15:59:00', '2018-06-16 15:59:00');

-- --------------------------------------------------------

--
-- Структура таблицы `formats`
--

CREATE TABLE `formats` (
  `id` int(10) UNSIGNED NOT NULL,
  `name` varchar(100) COLLATE utf8mb4_unicode_ci NOT NULL,
  `description` text COLLATE utf8mb4_unicode_ci NOT NULL,
  `created_at` timestamp NULL DEFAULT NULL,
  `updated_at` timestamp NULL DEFAULT NULL
) ENGINE=InnoDB DEFAULT CHARSET=utf8mb4 COLLATE=utf8mb4_unicode_ci;

--
-- Дамп данных таблицы `formats`
--

INSERT INTO `formats` (`id`, `name`, `description`, `created_at`, `updated_at`) VALUES
(1, 'Стандарт (КТМ)', '<p>Первый стандарт. Разрешен только выпуск «Кровавый туман».</p>', '2018-06-16 15:59:20', '2018-06-16 15:59:20'),
(2, 'Стандарт (КТМ + ПГВ)', '<p>Второй стандарт. Разрешены выпуски «Кровавый туман» и «Падение Гваингварда».</p>', '2018-06-16 15:59:20', '2018-06-16 15:59:20');

-- --------------------------------------------------------

--
-- Структура таблицы `liquids`
--

CREATE TABLE `liquids` (
  `id` int(10) UNSIGNED NOT NULL,
  `name` varchar(50) COLLATE utf8mb4_unicode_ci NOT NULL,
  `image` varchar(255) COLLATE utf8mb4_unicode_ci DEFAULT NULL,
  `created_at` timestamp NULL DEFAULT NULL,
  `updated_at` timestamp NULL DEFAULT NULL
) ENGINE=InnoDB DEFAULT CHARSET=utf8mb4 COLLATE=utf8mb4_unicode_ci;

--
-- Дамп данных таблицы `liquids`
--

INSERT INTO `liquids` (`id`, `name`, `image`, `created_at`, `updated_at`) VALUES
(1, 'Водная', 'water-liquid.png', '2018-06-16 15:58:59', '2018-06-16 15:58:59'),
(2, 'Воздушная', 'air-liquid.png', '2018-06-16 15:58:59', '2018-06-16 15:58:59'),
(3, 'Земляная', 'earth-liquid.png', '2018-06-16 15:58:59', '2018-06-16 15:58:59'),
(4, 'Огненная', 'fire-liquid.png', '2018-06-16 15:58:59', '2018-06-16 15:58:59'),
(5, 'Светлая', 'light-liquid.png', '2018-06-16 15:59:00', '2018-06-16 15:59:00'),
(6, 'Темная', 'dark-liquid.png', '2018-06-16 15:59:00', '2018-06-16 15:59:00'),
(7, 'Нейтральная', 'neuteral-liquid.png', '2018-06-16 15:59:00', '2018-06-16 15:59:00');

-- --------------------------------------------------------

--
-- Структура таблицы `migrations`
--

CREATE TABLE `migrations` (
  `id` int(10) UNSIGNED NOT NULL,
  `migration` varchar(191) COLLATE utf8mb4_unicode_ci NOT NULL,
  `batch` int(11) NOT NULL
) ENGINE=InnoDB DEFAULT CHARSET=utf8mb4 COLLATE=utf8mb4_unicode_ci;

--
-- Дамп данных таблицы `migrations`
--

INSERT INTO `migrations` (`id`, `migration`, `batch`) VALUES
(1, '2014_10_12_000000_create_users_table', 1),
(2, '2014_10_12_100000_create_password_resets_table', 1),
(3, '2018_03_05_093732_create_liquids_table', 1),
(4, '2018_03_10_083803_create_rarities_table', 1),
(5, '2018_03_10_083915_create_editions_table', 1),
(6, '2018_03_11_090049_create_elements_table', 1),
(7, '2018_03_11_090159_create_supertypes_table', 1),
(8, '2018_03_11_090211_create_types_table', 1),
(9, '2018_03_11_090224_create_subtypes_table', 1),
(10, '2018_03_11_090245_create_artists_table', 1),
(11, '2018_03_11_090246_create_cards_table', 1),
(12, '2018_03_11_095711_create_artist_card_table', 1),
(13, '2018_03_13_204431_create_card_liquid_table', 1),
(14, '2018_03_13_204914_create_card_element_table', 1),
(15, '2018_03_13_211111_create_card_supertype_table', 1),
(16, '2018_03_13_211228_create_card_type_table', 1),
(17, '2018_03_13_211244_create_card_subtype_table', 1),
(18, '2018_03_18_083724_create_roles_table', 1),
(19, '2018_03_18_083848_create_role_user_table', 1),
(20, '2018_03_21_113737_create_formats_table', 1),
(21, '2018_03_22_222618_create_decks_table', 1),
(22, '2018_04_06_142111_create_edition_format_table', 1),
(23, '2018_04_08_121908_create_card_deck_table', 1),
(24, '2018_04_28_200704_create_tournaments_table', 1);

-- --------------------------------------------------------

--
-- Структура таблицы `password_resets`
--

CREATE TABLE `password_resets` (
  `email` varchar(191) COLLATE utf8mb4_unicode_ci NOT NULL,
  `token` varchar(191) COLLATE utf8mb4_unicode_ci NOT NULL,
  `created_at` timestamp NULL DEFAULT NULL
) ENGINE=InnoDB DEFAULT CHARSET=utf8mb4 COLLATE=utf8mb4_unicode_ci;

-- --------------------------------------------------------

--
-- Структура таблицы `rarities`
--

CREATE TABLE `rarities` (
  `id` int(10) UNSIGNED NOT NULL,
  `name` varchar(50) COLLATE utf8mb4_unicode_ci NOT NULL,
  `image` varchar(255) COLLATE utf8mb4_unicode_ci DEFAULT NULL,
  `created_at` timestamp NULL DEFAULT NULL,
  `updated_at` timestamp NULL DEFAULT NULL
) ENGINE=InnoDB DEFAULT CHARSET=utf8mb4 COLLATE=utf8mb4_unicode_ci;

--
-- Дамп данных таблицы `rarities`
--

INSERT INTO `rarities` (`id`, `name`, `image`, `created_at`, `updated_at`) VALUES
(1, 'Обычная', 'common-16x16.png', '2018-06-16 15:58:59', '2018-06-16 15:58:59'),
(2, 'Необычная', 'uncommon-16x16.png', '2018-06-16 15:58:59', '2018-06-16 15:58:59'),
(3, 'Редкая', 'rare-16x16.png', '2018-06-16 15:58:59', '2018-06-16 15:58:59'),
(4, 'Легендарная', 'legendary-16x16.png', '2018-06-16 15:58:59', '2018-06-16 15:58:59'),
(5, 'Промо', 'promo-16x16.png', '2018-06-16 15:58:59', '2018-06-16 15:58:59');

-- --------------------------------------------------------

--
-- Структура таблицы `roles`
--

CREATE TABLE `roles` (
  `id` int(10) UNSIGNED NOT NULL,
  `name` varchar(191) COLLATE utf8mb4_unicode_ci NOT NULL,
  `description` varchar(191) COLLATE utf8mb4_unicode_ci NOT NULL,
  `created_at` timestamp NULL DEFAULT NULL,
  `updated_at` timestamp NULL DEFAULT NULL
) ENGINE=InnoDB DEFAULT CHARSET=utf8mb4 COLLATE=utf8mb4_unicode_ci;

--
-- Дамп данных таблицы `roles`
--

INSERT INTO `roles` (`id`, `name`, `description`, `created_at`, `updated_at`) VALUES
(1, 'player', 'Может создавать колоды ...', NULL, NULL),
(2, 'admin', 'Может редактировать карты ...', NULL, NULL);

-- --------------------------------------------------------

--
-- Структура таблицы `role_user`
--

CREATE TABLE `role_user` (
  `id` int(10) UNSIGNED NOT NULL,
  `role_id` int(10) UNSIGNED NOT NULL,
  `user_id` int(10) UNSIGNED NOT NULL
) ENGINE=InnoDB DEFAULT CHARSET=utf8mb4 COLLATE=utf8mb4_unicode_ci;

--
-- Дамп данных таблицы `role_user`
--

INSERT INTO `role_user` (`id`, `role_id`, `user_id`) VALUES
(1, 1, 1),
(2, 2, 2);

-- --------------------------------------------------------

--
-- Структура таблицы `subtypes`
--

CREATE TABLE `subtypes` (
  `id` int(10) UNSIGNED NOT NULL,
  `name` varchar(50) COLLATE utf8mb4_unicode_ci NOT NULL,
  `created_at` timestamp NULL DEFAULT NULL,
  `updated_at` timestamp NULL DEFAULT NULL
) ENGINE=InnoDB DEFAULT CHARSET=utf8mb4 COLLATE=utf8mb4_unicode_ci;

--
-- Дамп данных таблицы `subtypes`
--

INSERT INTO `subtypes` (`id`, `name`, `created_at`, `updated_at`) VALUES
(1, 'Ангел', '2018-06-16 15:59:04', '2018-06-16 15:59:04'),
(2, 'Вампир', '2018-06-16 15:59:04', '2018-06-16 15:59:04'),
(3, 'Голем', '2018-06-16 15:59:04', '2018-06-16 15:59:04'),
(4, 'Демон', '2018-06-16 15:59:04', '2018-06-16 15:59:04'),
(5, 'Дендроид', '2018-06-16 15:59:04', '2018-06-16 15:59:04'),
(6, 'Дракон', '2018-06-16 15:59:04', '2018-06-16 15:59:04'),
(7, 'Зверь', '2018-06-16 15:59:04', '2018-06-16 15:59:04'),
(8, 'Зомби', '2018-06-16 15:59:04', '2018-06-16 15:59:04'),
(9, 'Инсектоид', '2018-06-16 15:59:04', '2018-06-16 15:59:04'),
(10, 'Литиур', '2018-06-16 15:59:04', '2018-06-16 15:59:04'),
(11, 'Механизм', '2018-06-16 15:59:04', '2018-06-16 15:59:04'),
(12, 'Монстр', '2018-06-16 15:59:04', '2018-06-16 15:59:04'),
(13, 'Призрак', '2018-06-16 15:59:04', '2018-06-16 15:59:04'),
(14, 'Русалка', '2018-06-16 15:59:05', '2018-06-16 15:59:05'),
(15, 'Сидхе', '2018-06-16 15:59:05', '2018-06-16 15:59:05'),
(16, 'Скелет', '2018-06-16 15:59:05', '2018-06-16 15:59:05'),
(17, 'Титан', '2018-06-16 15:59:05', '2018-06-16 15:59:05'),
(18, 'Треналан', '2018-06-16 15:59:05', '2018-06-17 13:05:34'),
(19, 'Фейри', '2018-06-16 15:59:05', '2018-06-16 15:59:05'),
(20, 'Человек', '2018-06-16 15:59:05', '2018-06-16 15:59:05'),
(21, 'Чидоа', '2018-06-16 15:59:05', '2018-06-16 15:59:05'),
(22, 'Элементаль', '2018-06-16 15:59:05', '2018-06-16 15:59:05');

-- --------------------------------------------------------

--
-- Структура таблицы `supertypes`
--

CREATE TABLE `supertypes` (
  `id` int(10) UNSIGNED NOT NULL,
  `name` varchar(50) COLLATE utf8mb4_unicode_ci NOT NULL,
  `created_at` timestamp NULL DEFAULT NULL,
  `updated_at` timestamp NULL DEFAULT NULL
) ENGINE=InnoDB DEFAULT CHARSET=utf8mb4 COLLATE=utf8mb4_unicode_ci;

--
-- Дамп данных таблицы `supertypes`
--

INSERT INTO `supertypes` (`id`, `name`, `created_at`, `updated_at`) VALUES
(1, 'Уникальное', '2018-06-16 15:59:03', '2018-06-16 15:59:03'),
(2, 'Уникальный', '2018-06-16 15:59:03', '2018-06-16 15:59:03');

-- --------------------------------------------------------

--
-- Структура таблицы `tournaments`
--

CREATE TABLE `tournaments` (
  `id` int(10) UNSIGNED NOT NULL,
  `name` varchar(100) COLLATE utf8mb4_unicode_ci NOT NULL,
  `description` text COLLATE utf8mb4_unicode_ci NOT NULL,
  `format_id` int(10) UNSIGNED NOT NULL,
  `created_at` timestamp NULL DEFAULT NULL,
  `updated_at` timestamp NULL DEFAULT NULL
) ENGINE=InnoDB DEFAULT CHARSET=utf8mb4 COLLATE=utf8mb4_unicode_ci;

-- --------------------------------------------------------

--
-- Структура таблицы `types`
--

CREATE TABLE `types` (
  `id` int(10) UNSIGNED NOT NULL,
  `name` varchar(50) COLLATE utf8mb4_unicode_ci NOT NULL,
  `created_at` timestamp NULL DEFAULT NULL,
  `updated_at` timestamp NULL DEFAULT NULL
) ENGINE=InnoDB DEFAULT CHARSET=utf8mb4 COLLATE=utf8mb4_unicode_ci;

--
-- Дамп данных таблицы `types`
--

INSERT INTO `types` (`id`, `name`, `created_at`, `updated_at`) VALUES
(1, 'Артефакт', '2018-06-16 15:59:03', '2018-06-16 15:59:03'),
(2, 'Существо', '2018-06-16 15:59:03', '2018-06-16 15:59:03');

-- --------------------------------------------------------

--
-- Структура таблицы `users`
--

CREATE TABLE `users` (
  `id` int(10) UNSIGNED NOT NULL,
  `name` varchar(191) COLLATE utf8mb4_unicode_ci NOT NULL,
  `email` varchar(191) COLLATE utf8mb4_unicode_ci NOT NULL,
  `password` varchar(191) COLLATE utf8mb4_unicode_ci NOT NULL,
  `remember_token` varchar(100) COLLATE utf8mb4_unicode_ci DEFAULT NULL,
  `created_at` timestamp NULL DEFAULT NULL,
  `updated_at` timestamp NULL DEFAULT NULL
) ENGINE=InnoDB DEFAULT CHARSET=utf8mb4 COLLATE=utf8mb4_unicode_ci;

--
-- Дамп данных таблицы `users`
--

INSERT INTO `users` (`id`, `name`, `email`, `password`, `remember_token`, `created_at`, `updated_at`) VALUES
(1, 'player', 'player@example.com', '$2y$10$lLH7uCft2qjHE6gCr9iB1O3HALGyQjTQ62O90tfP5OpZBctjycsbW', NULL, '2018-06-16 15:58:58', '2018-06-16 15:58:58'),
(2, 'admin', 'akim_now@mail.ru', '$2y$10$DpHMPCh7De1NXMJYK/geYOYoGB.xoV.J9GTJ.ZP8DbbvUgj2h7/I.', NULL, '2018-06-16 15:58:58', '2018-06-16 15:58:58');

--
-- Индексы сохранённых таблиц
--

--
-- Индексы таблицы `artists`
--
ALTER TABLE `artists`
  ADD PRIMARY KEY (`id`),
  ADD UNIQUE KEY `artists_name_unique` (`name`);

--
-- Индексы таблицы `artist_card`
--
ALTER TABLE `artist_card`
  ADD PRIMARY KEY (`id`),
  ADD KEY `artist_card_card_id_index` (`card_id`),
  ADD KEY `artist_card_artist_id_index` (`artist_id`);

--
-- Индексы таблицы `cards`
--
ALTER TABLE `cards`
  ADD PRIMARY KEY (`id`),
  ADD KEY `cards_rarity_id_foreign` (`rarity_id`),
  ADD KEY `cards_edition_id_foreign` (`edition_id`),
  ADD KEY `cards_name_index` (`name`);

--
-- Индексы таблицы `card_deck`
--
ALTER TABLE `card_deck`
  ADD PRIMARY KEY (`id`),
  ADD UNIQUE KEY `card_deck_card_id_deck_id_unique` (`card_id`,`deck_id`),
  ADD KEY `card_deck_card_id_index` (`card_id`),
  ADD KEY `card_deck_deck_id_index` (`deck_id`);

--
-- Индексы таблицы `card_element`
--
ALTER TABLE `card_element`
  ADD PRIMARY KEY (`id`),
  ADD KEY `card_element_card_id_index` (`card_id`),
  ADD KEY `card_element_element_id_index` (`element_id`);

--
-- Индексы таблицы `card_liquid`
--
ALTER TABLE `card_liquid`
  ADD PRIMARY KEY (`id`),
  ADD KEY `card_liquid_card_id_index` (`card_id`),
  ADD KEY `card_liquid_liquid_id_index` (`liquid_id`);

--
-- Индексы таблицы `card_subtype`
--
ALTER TABLE `card_subtype`
  ADD PRIMARY KEY (`id`),
  ADD KEY `card_subtype_card_id_index` (`card_id`),
  ADD KEY `card_subtype_subtype_id_index` (`subtype_id`);

--
-- Индексы таблицы `card_supertype`
--
ALTER TABLE `card_supertype`
  ADD PRIMARY KEY (`id`),
  ADD KEY `card_supertype_card_id_index` (`card_id`),
  ADD KEY `card_supertype_supertype_id_index` (`supertype_id`);

--
-- Индексы таблицы `card_type`
--
ALTER TABLE `card_type`
  ADD PRIMARY KEY (`id`),
  ADD KEY `card_type_card_id_index` (`card_id`),
  ADD KEY `card_type_type_id_index` (`type_id`);

--
-- Индексы таблицы `decks`
--
ALTER TABLE `decks`
  ADD PRIMARY KEY (`id`),
  ADD KEY `decks_format_id_foreign` (`format_id`),
  ADD KEY `decks_user_id_foreign` (`user_id`);

--
-- Индексы таблицы `editions`
--
ALTER TABLE `editions`
  ADD PRIMARY KEY (`id`),
  ADD UNIQUE KEY `editions_name_unique` (`name`),
  ADD UNIQUE KEY `editions_code_unique` (`code`);

--
-- Индексы таблицы `edition_format`
--
ALTER TABLE `edition_format`
  ADD PRIMARY KEY (`id`),
  ADD KEY `edition_format_edition_id_index` (`edition_id`),
  ADD KEY `edition_format_format_id_index` (`format_id`);

--
-- Индексы таблицы `elements`
--
ALTER TABLE `elements`
  ADD PRIMARY KEY (`id`),
  ADD UNIQUE KEY `elements_name_unique` (`name`);

--
-- Индексы таблицы `formats`
--
ALTER TABLE `formats`
  ADD PRIMARY KEY (`id`),
  ADD UNIQUE KEY `formats_name_unique` (`name`);

--
-- Индексы таблицы `liquids`
--
ALTER TABLE `liquids`
  ADD PRIMARY KEY (`id`),
  ADD UNIQUE KEY `liquids_name_unique` (`name`);

--
-- Индексы таблицы `migrations`
--
ALTER TABLE `migrations`
  ADD PRIMARY KEY (`id`);

--
-- Индексы таблицы `password_resets`
--
ALTER TABLE `password_resets`
  ADD KEY `password_resets_email_index` (`email`);

--
-- Индексы таблицы `rarities`
--
ALTER TABLE `rarities`
  ADD PRIMARY KEY (`id`),
  ADD UNIQUE KEY `rarities_name_unique` (`name`);

--
-- Индексы таблицы `roles`
--
ALTER TABLE `roles`
  ADD PRIMARY KEY (`id`);

--
-- Индексы таблицы `role_user`
--
ALTER TABLE `role_user`
  ADD PRIMARY KEY (`id`),
  ADD KEY `role_user_role_id_foreign` (`role_id`),
  ADD KEY `role_user_user_id_foreign` (`user_id`);

--
-- Индексы таблицы `subtypes`
--
ALTER TABLE `subtypes`
  ADD PRIMARY KEY (`id`),
  ADD UNIQUE KEY `subtypes_name_unique` (`name`);

--
-- Индексы таблицы `supertypes`
--
ALTER TABLE `supertypes`
  ADD PRIMARY KEY (`id`),
  ADD UNIQUE KEY `supertypes_name_unique` (`name`);

--
-- Индексы таблицы `tournaments`
--
ALTER TABLE `tournaments`
  ADD PRIMARY KEY (`id`),
  ADD UNIQUE KEY `tournaments_name_unique` (`name`),
  ADD KEY `tournaments_format_id_index` (`format_id`);

--
-- Индексы таблицы `types`
--
ALTER TABLE `types`
  ADD PRIMARY KEY (`id`),
  ADD UNIQUE KEY `types_name_unique` (`name`);

--
-- Индексы таблицы `users`
--
ALTER TABLE `users`
  ADD PRIMARY KEY (`id`),
  ADD UNIQUE KEY `users_email_unique` (`email`);

--
-- AUTO_INCREMENT для сохранённых таблиц
--

--
-- AUTO_INCREMENT для таблицы `artists`
--
ALTER TABLE `artists`
  MODIFY `id` int(10) UNSIGNED NOT NULL AUTO_INCREMENT, AUTO_INCREMENT=40;

--
-- AUTO_INCREMENT для таблицы `artist_card`
--
ALTER TABLE `artist_card`
  MODIFY `id` int(10) UNSIGNED NOT NULL AUTO_INCREMENT, AUTO_INCREMENT=125;

--
-- AUTO_INCREMENT для таблицы `cards`
--
ALTER TABLE `cards`
  MODIFY `id` int(10) UNSIGNED NOT NULL AUTO_INCREMENT, AUTO_INCREMENT=279;

--
-- AUTO_INCREMENT для таблицы `card_deck`
--
ALTER TABLE `card_deck`
  MODIFY `id` int(10) UNSIGNED NOT NULL AUTO_INCREMENT;

--
-- AUTO_INCREMENT для таблицы `card_element`
--
ALTER TABLE `card_element`
  MODIFY `id` int(10) UNSIGNED NOT NULL AUTO_INCREMENT, AUTO_INCREMENT=125;

--
-- AUTO_INCREMENT для таблицы `card_liquid`
--
ALTER TABLE `card_liquid`
  MODIFY `id` int(10) UNSIGNED NOT NULL AUTO_INCREMENT, AUTO_INCREMENT=125;

--
-- AUTO_INCREMENT для таблицы `card_subtype`
--
ALTER TABLE `card_subtype`
  MODIFY `id` int(10) UNSIGNED NOT NULL AUTO_INCREMENT, AUTO_INCREMENT=124;

--
-- AUTO_INCREMENT для таблицы `card_supertype`
--
ALTER TABLE `card_supertype`
  MODIFY `id` int(10) UNSIGNED NOT NULL AUTO_INCREMENT, AUTO_INCREMENT=44;

--
-- AUTO_INCREMENT для таблицы `card_type`
--
ALTER TABLE `card_type`
  MODIFY `id` int(10) UNSIGNED NOT NULL AUTO_INCREMENT, AUTO_INCREMENT=125;

--
-- AUTO_INCREMENT для таблицы `decks`
--
ALTER TABLE `decks`
  MODIFY `id` int(10) UNSIGNED NOT NULL AUTO_INCREMENT;

--
-- AUTO_INCREMENT для таблицы `editions`
--
ALTER TABLE `editions`
  MODIFY `id` int(10) UNSIGNED NOT NULL AUTO_INCREMENT, AUTO_INCREMENT=3;

--
-- AUTO_INCREMENT для таблицы `edition_format`
--
ALTER TABLE `edition_format`
  MODIFY `id` int(10) UNSIGNED NOT NULL AUTO_INCREMENT, AUTO_INCREMENT=4;

--
-- AUTO_INCREMENT для таблицы `elements`
--
ALTER TABLE `elements`
  MODIFY `id` int(10) UNSIGNED NOT NULL AUTO_INCREMENT, AUTO_INCREMENT=7;

--
-- AUTO_INCREMENT для таблицы `formats`
--
ALTER TABLE `formats`
  MODIFY `id` int(10) UNSIGNED NOT NULL AUTO_INCREMENT, AUTO_INCREMENT=3;

--
-- AUTO_INCREMENT для таблицы `liquids`
--
ALTER TABLE `liquids`
  MODIFY `id` int(10) UNSIGNED NOT NULL AUTO_INCREMENT, AUTO_INCREMENT=8;

--
-- AUTO_INCREMENT для таблицы `migrations`
--
ALTER TABLE `migrations`
  MODIFY `id` int(10) UNSIGNED NOT NULL AUTO_INCREMENT, AUTO_INCREMENT=25;

--
-- AUTO_INCREMENT для таблицы `rarities`
--
ALTER TABLE `rarities`
  MODIFY `id` int(10) UNSIGNED NOT NULL AUTO_INCREMENT, AUTO_INCREMENT=6;

--
-- AUTO_INCREMENT для таблицы `roles`
--
ALTER TABLE `roles`
  MODIFY `id` int(10) UNSIGNED NOT NULL AUTO_INCREMENT, AUTO_INCREMENT=3;

--
-- AUTO_INCREMENT для таблицы `role_user`
--
ALTER TABLE `role_user`
  MODIFY `id` int(10) UNSIGNED NOT NULL AUTO_INCREMENT, AUTO_INCREMENT=3;

--
-- AUTO_INCREMENT для таблицы `subtypes`
--
ALTER TABLE `subtypes`
  MODIFY `id` int(10) UNSIGNED NOT NULL AUTO_INCREMENT, AUTO_INCREMENT=23;

--
-- AUTO_INCREMENT для таблицы `supertypes`
--
ALTER TABLE `supertypes`
  MODIFY `id` int(10) UNSIGNED NOT NULL AUTO_INCREMENT, AUTO_INCREMENT=3;

--
-- AUTO_INCREMENT для таблицы `tournaments`
--
ALTER TABLE `tournaments`
  MODIFY `id` int(10) UNSIGNED NOT NULL AUTO_INCREMENT;

--
-- AUTO_INCREMENT для таблицы `types`
--
ALTER TABLE `types`
  MODIFY `id` int(10) UNSIGNED NOT NULL AUTO_INCREMENT, AUTO_INCREMENT=3;

--
-- AUTO_INCREMENT для таблицы `users`
--
ALTER TABLE `users`
  MODIFY `id` int(10) UNSIGNED NOT NULL AUTO_INCREMENT, AUTO_INCREMENT=3;

--
-- Ограничения внешнего ключа сохраненных таблиц
--

--
-- Ограничения внешнего ключа таблицы `artist_card`
--
ALTER TABLE `artist_card`
  ADD CONSTRAINT `artist_card_artist_id_foreign` FOREIGN KEY (`artist_id`) REFERENCES `artists` (`id`) ON DELETE CASCADE,
  ADD CONSTRAINT `artist_card_card_id_foreign` FOREIGN KEY (`card_id`) REFERENCES `cards` (`id`) ON DELETE CASCADE;

--
-- Ограничения внешнего ключа таблицы `cards`
--
ALTER TABLE `cards`
  ADD CONSTRAINT `cards_edition_id_foreign` FOREIGN KEY (`edition_id`) REFERENCES `editions` (`id`) ON DELETE NO ACTION,
  ADD CONSTRAINT `cards_rarity_id_foreign` FOREIGN KEY (`rarity_id`) REFERENCES `rarities` (`id`) ON DELETE NO ACTION;

--
-- Ограничения внешнего ключа таблицы `card_deck`
--
ALTER TABLE `card_deck`
  ADD CONSTRAINT `card_deck_card_id_foreign` FOREIGN KEY (`card_id`) REFERENCES `cards` (`id`) ON DELETE CASCADE,
  ADD CONSTRAINT `card_deck_deck_id_foreign` FOREIGN KEY (`deck_id`) REFERENCES `decks` (`id`) ON DELETE CASCADE;

--
-- Ограничения внешнего ключа таблицы `card_element`
--
ALTER TABLE `card_element`
  ADD CONSTRAINT `card_element_card_id_foreign` FOREIGN KEY (`card_id`) REFERENCES `cards` (`id`) ON DELETE CASCADE,
  ADD CONSTRAINT `card_element_element_id_foreign` FOREIGN KEY (`element_id`) REFERENCES `elements` (`id`) ON DELETE CASCADE;

--
-- Ограничения внешнего ключа таблицы `card_liquid`
--
ALTER TABLE `card_liquid`
  ADD CONSTRAINT `card_liquid_card_id_foreign` FOREIGN KEY (`card_id`) REFERENCES `cards` (`id`) ON DELETE CASCADE,
  ADD CONSTRAINT `card_liquid_liquid_id_foreign` FOREIGN KEY (`liquid_id`) REFERENCES `liquids` (`id`) ON DELETE CASCADE;

--
-- Ограничения внешнего ключа таблицы `card_subtype`
--
ALTER TABLE `card_subtype`
  ADD CONSTRAINT `card_subtype_card_id_foreign` FOREIGN KEY (`card_id`) REFERENCES `cards` (`id`) ON DELETE CASCADE,
  ADD CONSTRAINT `card_subtype_subtype_id_foreign` FOREIGN KEY (`subtype_id`) REFERENCES `subtypes` (`id`) ON DELETE CASCADE;

--
-- Ограничения внешнего ключа таблицы `card_supertype`
--
ALTER TABLE `card_supertype`
  ADD CONSTRAINT `card_supertype_card_id_foreign` FOREIGN KEY (`card_id`) REFERENCES `cards` (`id`) ON DELETE CASCADE,
  ADD CONSTRAINT `card_supertype_supertype_id_foreign` FOREIGN KEY (`supertype_id`) REFERENCES `supertypes` (`id`) ON DELETE CASCADE;

--
-- Ограничения внешнего ключа таблицы `card_type`
--
ALTER TABLE `card_type`
  ADD CONSTRAINT `card_type_card_id_foreign` FOREIGN KEY (`card_id`) REFERENCES `cards` (`id`) ON DELETE CASCADE,
  ADD CONSTRAINT `card_type_type_id_foreign` FOREIGN KEY (`type_id`) REFERENCES `types` (`id`) ON DELETE CASCADE;

--
-- Ограничения внешнего ключа таблицы `decks`
--
ALTER TABLE `decks`
  ADD CONSTRAINT `decks_format_id_foreign` FOREIGN KEY (`format_id`) REFERENCES `formats` (`id`) ON DELETE NO ACTION,
  ADD CONSTRAINT `decks_user_id_foreign` FOREIGN KEY (`user_id`) REFERENCES `users` (`id`) ON DELETE NO ACTION;

--
-- Ограничения внешнего ключа таблицы `edition_format`
--
ALTER TABLE `edition_format`
  ADD CONSTRAINT `edition_format_edition_id_foreign` FOREIGN KEY (`edition_id`) REFERENCES `editions` (`id`) ON DELETE CASCADE,
  ADD CONSTRAINT `edition_format_format_id_foreign` FOREIGN KEY (`format_id`) REFERENCES `formats` (`id`) ON DELETE CASCADE;

--
-- Ограничения внешнего ключа таблицы `role_user`
--
ALTER TABLE `role_user`
  ADD CONSTRAINT `role_user_role_id_foreign` FOREIGN KEY (`role_id`) REFERENCES `roles` (`id`) ON DELETE CASCADE,
  ADD CONSTRAINT `role_user_user_id_foreign` FOREIGN KEY (`user_id`) REFERENCES `users` (`id`) ON DELETE CASCADE;

--
-- Ограничения внешнего ключа таблицы `tournaments`
--
ALTER TABLE `tournaments`
  ADD CONSTRAINT `tournaments_format_id_foreign` FOREIGN KEY (`format_id`) REFERENCES `formats` (`id`) ON DELETE CASCADE;
COMMIT;

/*!40101 SET CHARACTER_SET_CLIENT=@OLD_CHARACTER_SET_CLIENT */;
/*!40101 SET CHARACTER_SET_RESULTS=@OLD_CHARACTER_SET_RESULTS */;
/*!40101 SET COLLATION_CONNECTION=@OLD_COLLATION_CONNECTION */;
